Ticker,Setor,Indústria,Preço Atual,Preço Máximo 52 Semanas,Preço Mínimo 52 Semanas,Volume Médio Diário,Market Cap,P/L,P/L Futuro,P/VP,PEG Ratio,Margem Lucro,ROE,ROA,Crescimento Receita,Dividend Yield,Beta,Dívida/Patrimônio,Short Ratio
NVDA,Technology,Semiconductors,184.77,212.19,86.62,223171900,4490835001344,37.708164,17.116163,28.549135,,0.55603004,1.01485,0.51188,0.732,0.02,2.375,7.255,1.45
AAPL,Technology,Consumer Electronics,260.83,288.62,169.21,41816010,3833659654144,33.016453,28.069475,43.48616,,0.27037,1.5202099,0.24377,0.157,0.4,1.116,102.63,2.32
MSFT,Technology,Software - Infrastructure,405.76,555.45,344.79,37079310,3015761723392,25.37586,21.532574,7.7118692,,0.39044,0.34390998,0.1486,0.167,0.9,1.108,31.539,1.29
AMZN,Consumer Cyclical,Internet Retail,214.33,258.6,161.38,49276440,2300815605760,29.850975,22.942993,5.595207,,0.108339995,0.22286,0.06928,0.136,,1.42,43.435,1.5
GOOGL,Communication Services,Internet Content & Information,307.04,349.0,140.53,32470890,3714263023616,28.40333,22.893991,8.937793,,0.32810003,0.35705003,0.15427,0.18,0.27,1.112,16.133,1.89
GOOG,Communication Services,Internet Content & Information,306.93,350.15,142.66,21244620,3712932380672,28.419443,22.885788,8.93459,,0.32810003,0.35705003,0.15427,0.18,0.27,1.112,16.133,1.84
META,Communication Services,Internet Content & Information,654.07,796.25,479.8,12039650,1654506389504,27.856474,18.229376,7.6172457,,0.30084,0.30238,0.16212,0.238,0.32,1.279,39.164,1.47
AVGO,Technology,Semiconductors,342.58,414.61,138.1,32383310,1624265457664,66.6498,19.536623,5.784772,,0.36571997,0.33370999,0.10624,0.164,0.76,1.257,166.032,1.84
TSLA,Consumer Cyclical,Auto Manufacturers,399.235,498.83,214.25,59346110,1498102104064,369.66202,142.05476,18.232407,,0.040009998,0.049250003,0.02095,-0.031,,1.926,17.763,1.06
BRK.B,,,0.0,0.0,0.0,0,0,,,,,,,,,,,,
WMT,Consumer Defensive,Discount Stores,125.12,134.69,79.81,20350730,997563170816,45.8315,38.01526,10.012003,,0.0307,0.21847,0.06869,0.056,0.79,0.657,63.19,2.35
LLY,Healthcare,Drug Manufacturers - General,1001.35,1133.95,623.78,2824090,896227016704,43.669865,23.865026,33.766647,,0.31667,1.01159,0.19415002,0.426,0.62,0.434,165.31,1.86
JPM,Financial Services,Banks - Diversified,288.73,337.25,202.16,10737120,778714218496,14.429286,12.2904005,2.2736795,,0.3391,0.16134001,0.01354,0.025,2.08,1.059,,2.15
XOM,Energy,Oil & Gas Integrated,148.13,159.61,97.8,22381890,617222701056,22.108957,17.38811,2.3865376,,0.089049995,0.110810004,0.04902,-0.013,2.78,0.348,18.936,2.17
V,Financial Services,Credit Services,314.43,375.51,299.0,7452630,606233493504,29.496248,21.646044,15.6948185,,0.50233,0.53954,0.18364,0.146,0.85,0.791,54.612,3.12
JNJ,Healthcare,Drug Manufacturers - General,243.71,251.71,141.5,8389770,587316527104,22.075182,19.398443,7.1965156,,0.28456,0.35029998,0.086780004,0.091,2.13,0.326,60.499,2.65
ORCL,Technology,Software - Infrastructure,149.4,345.72,118.86,28771310,429389185024,28.082705,18.987944,14.330935,,0.25280002,0.69026,0.06864,0.142,1.34,1.648,432.511,1.03
MA,Financial Services,Credit Services,514.72,601.77,465.59,3834380,459355521024,31.157383,22.743439,59.47769,,0.45646998,2.09915,0.23719999,0.176,0.68,0.836,256.042,1.58
MU,Technology,Semiconductors,403.11,455.5,61.54,32665770,453704024064,38.31844,8.6442,7.718569,,0.28146,0.22554001,0.10934,0.567,0.11,1.542,21.244,0.78
COST,Consumer Defensive,Discount Stores,997.36,1067.08,844.06,2247020,442520633344,51.81091,44.508247,13.79131,,0.029860001,0.29650998,0.08718,0.092,0.52,0.993,25.446,2.78
NFLX,Communication Services,Entertainment,96.94,134.115,75.01,73153450,411208777728,38.316208,25.258211,15.377539,,0.24304001,0.42762002,0.15251,0.176,,1.714,63.782,1.54
ABBV,Healthcare,Drug Manufacturers - General,227.01,244.81,164.39,6811860,401392041984,96.19068,14.086377,-122.70811,,0.0691,62.25,0.09807,0.1,3.05,0.334,,3.07
CVX,Energy,Oil & Gas Integrated,186.29,192.41,132.04,12409420,372459569152,28.098038,20.026682,1.978546,,0.06661,0.07231,0.03794,-0.082,3.82,0.658,24.323,1.92
PG,Consumer Defensive,Household & Personal Products,156.01,174.8,137.62,9629170,364553764864,23.078402,21.28179,6.9359355,,0.19299999,0.31562,0.10898,0.015,2.71,0.34,68.719,1.97
PLTR,Technology,Software - Infrastructure,151.14,207.52,66.12,57837470,361477865472,239.90477,81.77996,48.928455,,0.36310002,0.25983,0.11597,0.7,,1.739,3.063,0.95
HD,Consumer Cyclical,Home Improvement Retail,357.15,426.75,326.31,4270120,355546923008,25.133709,21.895594,27.67961,,0.08596,1.45541,0.12977,-0.038,2.61,1.044,510.029,2.22
BAC,Financial Services,Banks - Diversified,48.56,57.55,33.07,49664070,354609201152,12.745407,9.801151,1.2632345,,0.28401,0.10217,0.00914,0.072,2.31,1.263,,2.17
GE,Industrials,Aerospace & Defense,326.52,348.48,159.36,4998800,344417828864,40.460968,38.16885,18.334549,,0.18982,0.44692,0.0468,0.176,0.58,1.369,114.07,2.01
KO,Consumer Defensive,Beverages - Non-Alcoholic,77.88,82.0,65.35,19358530,335009284096,25.61842,22.473011,10.414549,,0.2734,0.43323,0.09147,0.024,2.65,0.332,139.793,2.15
CAT,Industrials,Farm & Heavy Construction Machinery,716.68,789.81,267.3,3197860,335391621120,38.161873,25.8848,15.642228,,0.13144,0.43526,0.07891,0.18,0.84,1.531,206.67,2.47
AMD,Technology,Semiconductors,203.23,267.08,76.48,36160450,331348410368,78.16538,18.670149,5.2582145,,0.12515001,0.07082,0.032,0.341,,2.022,6.359,0.7
CSCO,Technology,Communication Equipment,77.7,88.19,52.11,23142850,307000016896,27.94964,17.206177,6.4294577,,0.18756,0.23754999,0.06994,0.097,2.16,0.829,66.509,2.1
MRK,Healthcare,Drug Manufacturers - General,117.09,125.14,73.31,11202590,289492369408,16.08379,11.975111,5.5080442,,0.28078,0.36882,0.12042,0.05,2.9,0.264,95.959,2.34
RTX,Industrials,Aerospace & Defense,207.0,214.5,112.27,7841340,277853536256,41.649902,27.566332,4.258646,,0.07598,0.109519996,0.03877,0.121,1.31,0.406,59.513,1.85
AMAT,Technology,Semiconductor Equipment & Materials,345.88,395.95,123.74,7644480,274493784064,35.474873,24.987556,12.6395035,,0.27784002,0.38863,0.14849,-0.021,0.53,1.634,33.108,1.68
PM,Consumer Defensive,Tobacco,172.87,191.3,142.11,5485810,269103185920,23.811293,18.792648,-26.92679,,0.27918,,0.15964,0.068,3.4,0.395,,3.02
LRCX,Technology,Semiconductor Equipment & Materials,215.23,256.68,56.32,11281930,270335328256,44.286007,31.177118,26.542112,,0.3022,0.65565,0.21047,0.221,0.48,1.787,44.195,2.53
UNH,Healthcare,Healthcare Plans,282.34,606.36,234.6,8293530,256273186816,21.324774,14.110939,2.7181008,,0.02694,0.12538,0.039,0.123,3.13,0.38,81.618,1.18
MS,Financial Services,Capital Markets,160.75,192.68,94.33,7553060,255248531456,15.744369,13.046025,2.497398,,0.23986,0.15614,0.012920001,0.11,2.49,1.207,455.747,2.0
GS,Financial Services,Capital Markets,833.81,984.7,439.38,2896770,250083393536,16.259945,12.819563,2.339055,,0.28917998,0.13861,0.00986,0.152,2.16,1.336,596.073,2.46
WFC,Financial Services,Banks - Diversified,78.3,97.76,58.42,20462170,245790326784,12.507987,9.881785,1.4719706,,0.26659,0.11732,0.01047,0.05,2.3,1.071,,1.67
TMUS,Communication Services,Telecom Services,218.78,272.6,181.36,5460250,244706885632,22.53141,15.565382,4.090569,,0.124469995,0.18177,0.05678,0.113,1.86,0.412,208.851,1.85
IBM,Technology,Information Technology Services,250.2,324.9,214.5,6901080,234696212480,22.479784,18.646288,7.18037,,0.15685001,0.35158002,0.05435,0.122,2.69,0.706,197.328,2.93
MCD,Consumer Cyclical,Restaurants,327.94,341.75,283.47,3287990,234019438592,27.465662,22.906404,-130.18658,,0.3185,,0.13508001,0.097,2.27,0.496,,2.6
INTC,Technology,Semiconductors,46.78,54.6,17.67,78863680,233674440704,,47.19627,2.0442228,,-0.00505,0.00022,0.0028400002,-0.041,,1.375,37.282,0.85
GEV,Industrials,Specialty Industrial Machinery,839.2,894.93,252.25,2649060,227692118016,47.385662,36.90318,20.23534,,0.1283,0.42641,0.02338,0.038,0.18,,9.727,1.95
LIN,Basic Materials,Specialty Chemicals,477.94,510.65,387.78,2922730,221474603008,32.690834,24.557487,5.7945466,,0.20297001,0.17817,0.07172,0.058,1.34,0.797,70.63,2.22
PEP,Consumer Defensive,Beverages - Non-Alcoholic,160.78,171.48,127.6,7030160,219840954368,26.796667,17.606451,10.770364,,0.08773,0.42848,0.09054,0.056,3.54,0.375,258.081,3.08
VZ,Communication Services,Telecom Services,50.71,51.41,38.39,25835560,213878767616,12.490148,9.672422,2.0472345,,0.124280006,0.17069,0.05014,0.02,5.58,0.281,174.78,2.89
AXP,Financial Services,Credit Services,303.15,387.49,220.43,5116810,208825368576,19.723488,15.068392,6.2125993,,0.16174999,0.33992,0.03791,0.106,1.25,1.152,190.921,2.54
AMGN,Healthcare,Drug Manufacturers - General,375.43,391.29,261.43,2638170,202382163968,26.382994,16.14275,23.363619,,0.20982,1.0610299,0.07931,0.086,2.68,0.425,640.275,4.67
T,Communication Services,Telecom Services,27.71,29.79,22.95,43562540,196448632832,9.115131,10.860831,1.7642938,,0.17472,0.18805,0.040749997,0.036,4.01,0.576,124.179,2.08
ABT,Healthcare,Medical Devices,110.55,139.06,105.27,8805420,192100859904,29.797844,17.707748,3.6827905,,0.14718,0.12961,0.066300005,0.044,2.28,0.744,26.787,1.66
C,Financial Services,Banks - Diversified,108.97,125.16,55.51,17385300,190623301632,15.611748,9.008265,0.99058235,,0.18893999,0.06831,0.00577,0.044,2.2,1.131,,2.29
NEE,Utilities,Utilities - Regulated Electric,91.54,95.91,61.72,12389810,190725603328,27.739395,20.905703,3.4917607,,0.24934,0.083739996,0.025710002,0.207,2.72,0.749,146.242,4.45
KLAC,Technology,Semiconductor Equipment & Materials,1452.94,1693.35,551.33,1019880,190905171968,42.372116,31.118694,34.861076,,0.35764,1.00726,0.21087,0.072,0.52,1.448,111.778,2.09
TMO,Healthcare,Diagnostics & Research,500.08,643.99,385.46,1999980,185771835392,28.173521,18.596708,3.5227818,,0.15045999,0.13024001,0.05031,0.072,0.35,0.971,77.255,1.42
GILD,Healthcare,Drug Manufacturers - General,148.56,157.29,93.37,6840970,184425431040,21.94387,15.427576,8.12114,,0.28903,0.40655,0.12516,0.047,2.21,0.374,112.923,2.57
TXN,Technology,Semiconductors,197.46,231.32,139.95,6986990,179780108288,36.231194,24.967758,11.005463,,0.28283,0.30148,0.10925,0.104,2.88,0.979,90.819,2.59
CRM,Technology,Software - Application,194.91,296.05,174.57,15035710,182630678528,24.98846,13.074908,3.061638,,0.17958,0.123959996,0.05179,0.121,0.9,1.307,29.947,1.46
DIS,Communication Services,Entertainment,101.32,124.69,80.1,11129200,179679576064,14.921944,13.772947,1.6588353,,0.128,0.12024,0.04366,0.052,1.48,1.443,40.909,1.67
TJX,Consumer Cyclical,Apparel Retail,159.53,162.68,112.1,5873440,177547116544,32.7577,28.15502,17.612057,,0.091000006,0.59129,0.13289,0.085,1.07,0.736,132.375,2.11
ANET,Technology,Computer Hardware,139.62,164.94,59.43,6972150,175821389824,50.77091,32.932194,14.181817,,0.38991,0.314,0.14392,0.289,,1.46,0.179,1.63
ISRG,Healthcare,Medical Instruments & Supplies,485.85,603.88,425.0,1717900,172540035072,61.734436,42.471115,9.679443,,0.28375998,0.16690001,0.09392,0.188,,1.68,0.953,2.74
BA,Industrials,Aerospace & Defense,217.76,254.35,128.88,6687240,171125424128,87.80645,46.295467,31.363964,,0.02498,2.90084,-0.019989999,0.571,,1.096,1032.894,1.7
APH,Technology,Electronic Components,136.74,167.04,56.45,10257280,168082866176,40.94012,26.572561,12.504801,,0.1849,0.36851,0.13108,0.491,0.73,1.214,118.935,1.32
SCHW,Financial Services,Capital Markets,93.17,107.5,65.88,9707310,165557207040,20.036558,13.716781,3.8400033,,0.37005,0.18101999,0.01824,0.189,1.37,0.919,115.32,0.96
APP,Communication Services,Advertising Agencies,477.39,745.61,200.5,5919050,161336344576,47.596214,23.564808,75.656105,,0.60827,2.12945,0.3953,0.659,,2.505,171.801,1.81
DE,Industrials,Farm & Heavy Construction Machinery,592.72,674.19,404.42,1432610,160097992704,33.44921,25.628574,6.087358,,0.10302,0.19566,0.03961,0.13,1.09,0.961,239.633,2.45
ADI,Technology,Semiconductors,318.81,363.2,158.65,4623870,155644362752,58.177006,24.663593,4.606615,,0.23024,0.07862,0.0454,0.304,1.28,1.021,25.753,2.05
PFE,Healthcare,Drug Manufacturers - General,27.16,27.94,20.92,39643300,154439024640,19.970589,9.597817,1.7857847,,0.124180004,0.08886,0.05683,-0.012,6.33,0.412,77.957,2.95
HON,Industrials,Conglomerates,240.61,248.18,169.04807,4173280,162139783168,34.72006,20.929907,10.993786,,0.1263,0.26136,0.05945,-0.033,1.98,0.904,236.613,2.18
BLK,Financial Services,Asset Management,967.36,1219.94,773.74,1038600,150464659456,27.396204,15.643673,2.6840765,,0.22930999,0.107159995,0.03467,0.234,2.37,1.487,24.367,1.81
LMT,Industrials,Aerospace & Defense,651.22,692.0,410.11,2020960,150690856960,30.303396,20.372461,22.18883,,0.06685,0.76865,0.07569,0.091,2.07,0.197,338.804,1.61
UBER,Technology,Software - Application,72.36,101.99,60.63,20160240,150351806464,15.298098,16.867409,5.5333796,,0.19326,0.39925998,0.061529998,0.201,,1.215,43.806,2.14
UNP,Industrials,Railroads,250.21,268.14,204.66,3176270,148472496128,20.868225,18.529545,8.037843,,0.29123,0.40377,0.09072,-0.006,2.21,0.952,177.733,6.87
WELL,Real Estate,REIT - Healthcare Facilities,207.72,216.43,130.29,3313100,144937156608,147.31915,63.13678,3.4341264,,0.08644,0.025390001,0.00556,0.413,1.42,0.813,49.488,4.78
QCOM,Technology,Semiconductors,135.2,205.95,120.8,9800810,144399695872,27.258064,12.030899,6.2933483,,0.11958,0.2148,0.14047,0.05,2.63,1.267,64.218,3.12
LOW,Consumer Cyclical,Home Improvement Retail,251.11,293.06,206.39,3057270,140860522496,21.190716,18.35849,-14.205464,,0.07712,,0.13051,0.109,1.91,0.935,,3.5
ETN,Industrials,Specialty Industrial Machinery,361.06,408.45,231.85,2725420,140055166976,34.617447,23.503435,7.2100964,,0.1489,0.21525998,0.08326,0.131,1.22,1.167,54.877,2.39
COP,Energy,Oil & Gas E&P,114.15,122.5,79.88,11934150,139530027008,17.97638,16.774628,2.168709,,0.13252,0.12357,0.06421,-0.068,2.94,0.279,37.828,2.43
DHR,Healthcare,Diagnostics & Research,195.22,242.8,171.0,3738910,138047733760,38.734127,21.42017,2.6268904,,0.1471,0.07053,0.04183,0.046,0.82,0.964,37.487,1.34
SYK,Healthcare,Medical Devices,358.65,404.87,329.16,1561510,137251291136,42.747314,21.43318,6.1188455,,0.12923999,0.15079,0.079229996,0.114,0.98,0.869,72.971,2.04
BKNG,Consumer Cyclical,Travel Services,4371.77,5839.41,3765.45,592230,140918833152,26.385237,13.961727,-24.997112,,0.20076999,,0.20815,0.16,0.9,1.227,,2.18
PANW,Technology,Software - Infrastructure,165.58,223.61,139.57,9331330,135113277440,91.98889,41.63817,12.392785,,0.12956999,0.16259001,0.03211,0.149,,0.822,4.887,2.0
SPGI,Financial Services,Financial Data & Stock Exchanges,435.44,579.05,381.61,2555610,131851231232,29.682344,19.731194,4.17997,,0.29154,0.13087,0.06656,0.09,0.89,1.221,37.912,1.17
NEM,Basic Materials,Gold,118.9,134.88,42.91,9967810,129751171072,18.636364,10.98283,3.8215537,,0.31254,0.22343999,0.121300004,0.206,0.87,0.389,16.738,2.14
CB,Financial Services,Insurance - Property & Casualty,325.24,345.67,264.1,1822530,127998476288,12.660178,11.191862,1.724606,,0.17291,0.14337,0.031240001,0.055,1.19,0.489,30.944,2.33
VRTX,Healthcare,Biotechnology,499.17,519.68,362.5,1382050,126806253568,32.5829,22.835873,6.792353,,0.32939997,0.22541,0.12162,0.095,,0.315,10.908,2.78
PLD,Real Estate,REIT - Industrial,136.16,143.95,85.35,3848690,126568751104,38.35493,40.674404,2.3812523,,0.36205003,0.06127,0.02459,0.04,3.14,1.416,61.78,3.74
INTU,Technology,Software - Application,453.95,813.7,349.0,6096370,126322524160,29.496426,17.180311,6.610698,,0.2157,0.23457001,0.10328,0.41,1.02,1.282,,2.0
ACN,Technology,Information Technology Services,201.63,330.0,188.73,7849640,125038608384,16.663637,13.519585,4.0195765,,0.107609995,0.25016,0.11125,0.06,3.23,1.251,25.694,2.12
BMY,Healthcare,Drug Manufacturers - General,60.13,62.89,42.52,13685460,122453164032,17.378613,9.814355,6.627356,,0.14637,0.40442002,0.10293,0.013,4.19,0.266,254.982,2.46
PGR,Financial Services,Insurance - Property & Casualty,206.96,292.99,197.92,3002240,121259188224,10.762351,12.808144,4.000232,,0.12903,0.40448,0.079229996,0.122,6.72,0.29,23.421,2.02
NOW,Technology,Software - Application,116.61,211.478,98.0,20567590,123040219136,69.82635,23.281445,9.419986,,0.13165,0.15488,0.053850003,0.207,,1.019,18.536,1.06
HCA,Healthcare,Medical Care Facilities,537.64,552.9,310.18,1099180,120228249600,18.977762,16.162663,-20.035776,,0.08974,,0.12439,0.067,0.58,1.342,,2.78
PH,Industrials,Specialty Industrial Machinery,950.39,1034.96,488.45,892580,119954931712,34.723785,27.95004,8.381973,,0.17287001,0.25781,0.094440006,0.091,0.76,1.218,68.925,2.22
MDT,Healthcare,Medical Devices,89.89,106.33,79.55,8247540,115408412672,25.108938,14.745807,2.3550527,,0.13,0.0939,0.04567,0.087,3.16,0.729,57.06,1.7
GLW,Technology,Electronic Components,136.22,162.1,37.31,16314440,116869693440,74.43716,35.23147,9.887493,,0.10212,0.14904,0.04948,0.204,0.82,1.022,76.192,1.12
CEG,Utilities,Utilities - Independent Power Producers,317.09,412.7,161.35,3415520,114783510528,42.907986,23.329714,6.822661,,0.09082,0.16364,0.03439,0.129,0.54,1.107,63.94,1.75
COF,Financial Services,Credit Services,184.87,259.64,143.22,6215290,114976489472,55.020832,7.517036,1.0679584,,0.074829996,0.02394,0.0036000002,0.516,1.73,1.139,,1.62
SBUX,Consumer Cyclical,Restaurants,100.77,104.82,75.5,7832190,114807250944,83.97499,34.121613,-13.684139,,0.036310002,,0.06874,0.055,2.46,0.928,,4.36
MCK,Healthcare,Medical Distribution,928.69,999.0,635.0,777480,114625093632,26.809757,20.99982,-88.00246,,0.01091,,0.0433,0.114,0.35,0.354,,2.39
ADBE,Technology,Software - Application,275.13,443.9,244.28,5037780,112940867584,16.47485,10.416655,9.776144,,0.29997,0.55426,0.18221001,0.105,,1.532,57.266,1.99
MO,Consumer Defensive,Tobacco,67.14,70.51,52.82,8893800,112706011136,16.296116,11.558385,-32.09369,,0.34495,,0.21932,-0.005,6.32,0.434,,4.99
CMCSA,Communication Services,Telecom Services,31.07,35.35145,24.133083,28528430,113215799296,5.7643785,7.788978,1.15562,,0.16166,0.2141,0.04795,0.012,4.25,0.78,107.863,2.26
CRWD,Technology,Software - Infrastructure,436.33,566.9,298.0,5457550,110659436544,,70.65558,24.964525,,-0.033770002,-0.04137,-0.015700001,0.233,,1.124,18.336,2.31
CME,Financial Services,Financial Data & Stock Exchanges,306.34,329.16,248.53,2708120,110133035008,27.47444,24.137794,3.8276713,,0.62584,0.1475,0.01585,0.08,1.7,0.26,13.078,2.38
SO,Utilities,Utilities - Regulated Electric,96.27,100.84,83.09,5637520,107763793920,24.558672,19.573359,2.9917026,,0.14689,0.11043,0.03281,0.101,3.07,0.41,190.586,3.26
NOC,Industrials,Aerospace & Defense,734.98,774.0,450.13,1034770,104896389120,25.248367,24.469782,6.259144,,0.09968001,0.26167,0.066360004,0.096,1.26,0.007,107.257,2.09
BSX,Healthcare,Medical Devices,69.96,109.5,69.52,14220670,103812620288,36.061855,17.859604,4.2812557,,0.14437,0.12445,0.059759997,0.159,,0.7,48.921,1.33
HWM,Industrials,Aerospace & Defense,253.91,267.31,105.04,2300150,102198779904,68.439354,46.123608,19.04944,,0.18274,0.30443,0.12127,0.146,0.18,1.188,60.022,3.54
DUK,Utilities,Utilities - Regulated Electric,129.69,132.66,111.22,4973350,100856135680,20.520569,18.116291,1.9835128,,0.15628,0.09724,0.02806,0.08,3.28,0.466,171.838,3.74
CVS,Healthcare,Healthcare Plans,76.32,85.15,58.35,8607580,97095147520,54.906475,9.3344555,1.2896903,,0.00442,0.022869999,0.02471,0.084,3.49,0.464,106.06,1.67
TT,Industrials,Building Products & Equipment,433.67,479.37,298.15,1396010,96161562624,33.003807,25.777006,11.19524,,0.13688,0.36956,0.11642,0.056,0.97,1.188,63.247,1.83
GD,Industrials,Aerospace & Defense,355.59,369.7,239.2,1312890,96147890176,23.045366,19.677492,3.7469177,,0.08011,0.17658001,0.05989,0.078,1.69,0.372,38.205,1.74
DELL,Technology,Computer Hardware,143.8,168.08,66.25,12147730,96374792192,16.547758,10.061552,-38.833378,,0.05228,,0.05627,0.395,1.75,1.036,,2.92
WM,Industrials,Waste Management,235.54,248.13,194.11,2764360,95001706496,35.20777,25.167782,9.500262,,0.10744,0.29696,0.06493,0.071,1.45,0.533,239.385,2.0
EQIX,Real Estate,REIT - Specialty,956.07,992.9,701.41,701520,93938589696,69.43137,54.38396,6.6340313,,0.14579001,0.09722,0.03333,0.081,2.01,1.031,160.291,4.02
SNDK,Technology,Computer Hardware,618.89,725.0,27.885,18490810,91348770816,,7.194782,8.968511,,-0.11659,-0.09372,0.05866,0.612,,,7.96,0.37
WDC,Technology,Computer Hardware,266.22,309.9,28.83,9133570,91020427264,25.186377,19.795649,12.728663,,0.35644,0.41126,0.09147,,0.19,1.853,,2.92
ICE,Financial Services,Financial Data & Stock Exchanges,160.17,189.35,143.17,4075720,91325497344,27.759098,18.70946,3.1408346,,0.33380002,0.11885,0.022550002,0.078,1.3,1.051,70.077,1.56
WMB,Energy,Oil & Gas Midstream,73.84,76.87,51.58,7269520,90200219648,34.50467,28.171377,7.0646763,,0.22129999,0.18555,0.04896,0.087,2.84,0.649,197.026,1.72
FCX,Basic Materials,Copper,62.4,69.75,27.66,20448910,89681387520,41.05263,17.440886,4.741281,,0.08505,0.13946,0.07192,-0.015,0.96,1.438,34.103,1.33
ADP,Technology,Software - Application,217.37,329.93,203.26,4233010,87915020288,20.880884,18.171711,13.702092,,0.19964,0.73843,0.04709,0.062,3.13,0.854,70.044,3.06
STX,Technology,Computer Hardware,384.29,459.84,63.19,3600400,86090711040,43.471718,19.373001,182.64734,,0.19586,,0.19409999,0.215,0.77,1.648,1046.623,2.37
MAR,Consumer Cyclical,Lodging,326.0,370.0,205.4,1791030,86384967680,34.243694,25.111036,-22.983643,,0.37252998,,0.09631,0.063,0.82,1.101,,4.06
BX,Financial Services,Asset Management,109.96,190.09,105.09,9725760,135211065344,28.413437,13.874641,9.9385395,,0.21243,0.29228002,0.13262999,0.506,4.31,1.794,66.531,1.89
AMT,Real Estate,REIT - Specialty,186.12,234.33,166.88,3176410,87131447296,34.466663,26.940958,23.76101,,0.23763001,0.2628,0.04895,0.075,3.7,0.907,434.211,1.91
UPS,Industrials,Integrated Freight & Logistics,100.92,122.41,82.0,7452650,85691342848,15.384146,12.67785,5.2801757,,0.06285,0.33772,0.07443,-0.032,6.5,1.054,175.884,2.39
NKE,Consumer Cyclical,Footwear & Accessories,56.08,80.17,52.28,15868130,83019898880,32.795322,24.3877,5.8919945,,0.05426,0.17950001,0.0502,0.006,2.92,1.286,80.099,2.9
PWR,Industrials,Engineering & Construction,564.05,576.86,227.08,1147290,84392837120,82.58418,36.615257,9.439061,,0.03611,0.12739,0.045489997,0.197,0.08,1.109,71.102,3.81
FDX,Industrials,Integrated Freight & Logistics,359.47,392.86,194.3,1908970,84818911232,19.88219,16.515656,3.0019624,,0.04814,0.15886,0.05071,0.139,1.61,1.281,,1.62
MRSH,Financial Services,Insurance Brokers,174.0,248.0,170.37,2710480,85244289024,20.665083,15.363655,5.5871305,,0.15418,0.29352,0.075100005,0.087,2.07,0.731,140.052,1.49
PNC,Financial Services,Banks - Regional,206.39,243.94,145.12,2892190,83446341632,12.440627,9.996871,1.4696689,,0.31075,0.12158,0.01234,0.096,3.29,0.974,,2.71
SNPS,Technology,Software - Infrastructure,432.65,651.73,365.74,2970510,82879315968,66.25574,25.352615,2.7114172,,0.13756,0.055430003,0.02041,0.655,,1.156,35.579,1.94
JCI,Industrials,Building Products & Equipment,133.94,146.49,68.03,4587650,81980145664,45.097645,24.132856,6.2081113,,0.14169,0.12640001,0.05148,0.068,1.19,1.389,73.339,1.48
MMM,Industrials,Conglomerates,155.25,177.41,121.98,4533130,81770176512,25.918198,16.51775,17.508741,,0.13027,0.75501,0.075840004,0.02,2.01,1.131,276.638,2.29
SHW,Basic Materials,Specialty Chemicals,330.33,379.65,308.84,1660830,81847435264,32.164555,24.424147,17.692142,,0.108950004,0.59391,0.096140005,0.056,0.97,1.244,306.061,2.19
REGN,Healthcare,Biotechnology,772.03,821.11,476.49,671150,81618870272,18.621082,14.620363,2.5341706,,0.31409,0.14864999,0.05909,0.025,0.49,0.397,9.511,2.33
USB,Financial Services,Banks - Regional,51.95,61.19,35.18,10448780,80714498048,11.244589,9.322081,1.3839679,,0.28724,0.12184,0.011080001,0.053,3.93,1.041,,2.34
CDNS,Technology,Software - Application,293.29,376.45,221.56,2828520,80911523840,72.41728,31.201065,14.561839,,0.20934999,0.21855,0.10981,0.062,,1.025,48.707,1.95
MCO,Financial Services,Financial Data & Stock Exchanges,452.23,546.88,378.71,1636070,80498696192,33.10615,24.160051,19.805117,,0.31861,0.62078,0.13834,0.13,0.91,1.442,176.813,1.3
KKR,Financial Services,Asset Management,89.96,153.87,84.52,11120880,83313704960,38.444447,11.332373,2.8278637,,0.09241,0.08558,0.01596,0.763,0.82,2.013,68.611,0.89
BK,Financial Services,Banks - Diversified,115.42,128.76,70.46,3338690,80488030208,15.597297,12.336692,2.0122035,,0.27739,0.12898,0.012569999,0.078,1.84,1.076,,2.22
ORLY,Consumer Cyclical,Auto Parts,94.71,108.72,85.552,6499410,79945097216,31.888887,26.507877,-104.421165,,0.14274,,0.13762,0.078,,0.599,,2.34
ECL,Basic Materials,Specialty Chemicals,281.39,309.27,221.62,1599530,79699681280,38.599453,28.919687,11.9954815,,0.12907,0.22516,0.07836,0.178,0.98,0.979,103.915,2.38
ABNB,Consumer Cyclical,Travel Services,132.44,143.88,99.88,5183560,79399632896,32.86352,22.772917,9.723936,,0.20513001,0.30233,0.07367,0.12,,1.163,27.698,2.98
CTAS,Industrials,Specialty Business Services,196.28,229.24,180.39,2150250,78878392320,42.577003,36.28324,17.616226,,0.17584999,0.43396,0.15904,0.093,0.92,0.944,72.656,3.55
ITW,Industrials,Specialty Industrial Machinery,273.29,303.16,214.66,1494120,78762180608,26.052433,22.485214,24.45548,,0.1911,0.93718004,0.17051001,0.041,2.36,1.123,285.524,5.37
EMR,Industrials,Specialty Industrial Machinery,140.1,165.15,90.06,2833510,78778523648,34.338238,19.504467,3.8830376,,0.12718001,0.09646,0.066149995,0.041,1.58,1.243,69.283,3.35
CMI,Industrials,Specialty Industrial Machinery,558.71,617.98,260.02,1034790,77194428416,27.254147,17.756956,6.2480855,,0.08444,0.23928,0.078150004,0.011,1.4,1.127,60.516,1.31
RCL,Consumer Cyclical,Travel Services,285.03,366.5,164.01,3250070,77731373056,18.247759,13.75822,7.679437,,0.23797001,0.47731,0.07814,0.133,1.49,1.926,215.09,4.64
MSI,Technology,Communication Equipment,464.11,492.22,359.36,1017190,77299834880,36.372253,25.572277,31.910753,,0.18439,1.04197,0.11395001,0.123,1.04,0.96,402.39,2.01
CSX,Industrials,Railroads,40.91,43.35,26.22,13090770,76074467328,26.564936,19.60014,5.7831497,,0.20501,0.22511,0.0686,-0.009,1.37,1.263,148.222,2.06
MNST,Consumer Defensive,Beverages - Non-Alcoholic,76.7,87.38,54.0,7850530,75033362432,39.53608,29.977331,9.088754,,0.22973,0.26815,0.17687,0.176,,0.437,0.8,3.1
DASH,Consumer Cyclical,Internet Retail,169.93,285.5,155.4,4337460,73822068736,80.15566,22.236557,7.355003,,0.06816,0.10439,0.03234,0.377,,1.902,32.749,2.42
CL,Consumer Defensive,Household & Personal Products,92.49,99.33,74.55,6436640,74135175168,35.167297,22.295933,1380.4478,,0.1046,4.9747,0.16362,0.058,2.25,0.264,2343.562,2.78
KMI,Energy,Oil & Gas Midstream,32.96,34.24,23.94,13677820,73329614848,24.058393,22.492306,2.3531091,,0.18043,0.09826,0.040960003,0.131,3.55,0.648,99.71,3.25
MDLZ,Consumer Defensive,Confectioners,56.58,71.15,51.2,9929120,73008488448,29.936508,16.74455,2.8064086,,0.0636,0.09332,0.03243,0.093,3.53,0.366,84.848,2.59
TDG,Industrials,Aerospace & Defense,1268.31,1623.83,1183.6,328020,71625990144,40.821053,27.636635,-7.71633,,0.22239,,0.117819995,0.139,,0.918,,2.31
AEP,Utilities,Utilities - Regulated Electric,132.31,134.6,97.46,3984940,71561388032,19.866367,19.288437,2.2982056,,0.16364999,0.12486,0.03174,0.132,2.87,0.573,154.237,5.25
SLB,Energy,Oil & Gas Equipment & Services,48.11,52.45,31.11,17610160,72219525120,20.472342,14.446146,2.7554412,,0.09449001,0.13904001,0.067719996,0.05,2.45,0.709,45.975,3.42
CRH,Basic Materials,Building Materials,106.28,131.55,76.75,6287740,71169179648,19.288565,16.093252,2.9605284,,0.10022,0.15684,0.06132,0.062,1.41,1.203,77.341,2.64
HOOD,Financial Services,Capital Markets,78.53,153.86,29.66,28725450,70701219840,38.307316,28.384817,7.743812,,0.42097,0.21993999,0.05855,0.265,,2.479,136.04,0.99
HLT,Consumer Cyclical,Lodging,298.37,333.86,196.04,2136320,69351677952,48.75327,28.638506,-12.760671,,0.29411,,0.10042,0.07,0.2,1.123,,2.89
CI,Healthcare,Healthcare Plans,262.44,350.0,239.51,1802150,70104498176,11.832281,7.8431726,1.657603,,0.02167,0.1513,0.04087,0.104,2.38,0.234,75.137,2.75
WBD,Communication Services,Entertainment,27.76,30.0,7.52,31013210,68872962048,95.724144,-793.1429,1.91673,,0.01949,0.02078,0.010249999,-0.057,,1.675,98.91,2.52
AON,Financial Services,Insurance Brokers,320.96,402.49,304.59,1517360,68985618432,18.8689,14.904733,7.3616366,,0.21506001,0.4694,0.058870003,0.037,0.93,0.828,168.318,1.24
EOG,Energy,Oil & Gas E&P,127.89,134.36,101.59,6947710,69392916480,14.023026,11.416549,2.3049057,,0.21982999,0.16829,0.08199,0.0,3.19,0.427,30.62,2.69
ROST,Consumer Cyclical,Apparel Retail,212.93,216.8,122.36,3701670,69250424832,32.164654,26.32838,11.002997,,0.094289996,0.36678,0.11112001,0.122,0.84,0.98,84.241,3.29
COR,Healthcare,Medical Distribution,352.19,377.54,251.94,1068640,68511764480,42.17844,17.94732,35.90112,,0.0049900003,1.33467,0.03325,0.055,0.68,0.646,472.584,3.6
GM,Consumer Cyclical,Auto Manufacturers,74.93,87.62,41.6,9036990,69899296768,22.914373,5.399683,1.108268,,0.014579999,0.04318,0.02538,-0.051,0.96,1.356,208.299,2.59
RSG,Industrials,Waste Management,223.53,258.75,201.42,1176910,69196750848,32.679825,27.764462,5.7526317,,0.12893,0.18301001,0.06221,0.022,1.12,0.521,115.348,1.91
LHX,Industrials,Aerospace & Defense,361.72,379.23,195.72,1708300,67660754944,42.355972,26.571133,3.4420676,,0.07345,0.08191,0.04235,0.023,1.38,0.606,60.611,1.65
NSC,Industrials,Railroads,298.49,319.94,201.63,1515610,67032502272,23.41098,22.017975,4.3087068,,0.23587999,0.19248,0.0591,-0.017,1.81,1.303,114.742,7.99
TRV,Financial Services,Insurance - Property & Casualty,302.44,313.12,230.43,1552290,67463303168,11.025884,10.681472,1.9997752,,0.12878,0.20698999,0.03711,0.035,1.45,0.502,28.917,2.02
PSX,Energy,Oil & Gas Refining & Marketing,162.5,169.62,91.01,3442850,65120903168,15.060241,12.594019,2.2405758,,0.03326,0.15427,0.03748,0.013,3.13,0.871,71.38,3.04
VLO,Energy,Oil & Gas Refining & Marketing,217.02,232.99,99.0,4360390,66193170432,28.668428,15.685737,2.7344892,,0.02025,0.08299,0.05017,-0.021,2.21,0.734,43.988,4.74
MPC,Energy,Oil & Gas Refining & Marketing,215.23,228.55,115.1,3209520,64698667008,16.280634,14.425255,3.6671095,,0.03033,0.24193001,0.0497,-0.005,1.77,0.708,142.647,3.33
ELV,Healthcare,Healthcare Plans,282.68,458.75,273.71,3143900,62388793344,11.208565,9.588789,1.4218671,,0.02843,0.1325,0.043509997,0.095,2.43,0.468,74.388,2.11
PCAR,Industrials,Farm & Heavy Construction Machinery,119.02,131.88,84.65,3586290,62591954944,26.390242,17.60716,3.2461474,,0.08352,0.12922,0.043670002,-0.137,1.11,1.046,81.937,3.48
SPG,Real Estate,REIT - Retail,192.07,205.12,136.34,1577760,62413778944,13.554693,27.785896,12.087477,,0.7271,1.04109,0.05436,0.132,4.5,1.397,435.463,3.23
FTNT,Technology,Software - Infrastructure,84.2,109.33,70.12,6142760,62615171072,34.793385,25.433224,50.540215,,0.27257,1.3571601,0.12866001,0.148,,1.04,85.802,2.17
APO,Financial Services,Asset Management,108.17,157.28,99.56,6974380,62784311296,19.52527,9.94247,2.854165,,0.109840006,0.14698,0.01288,0.877,1.89,1.638,99.468,4.83
DLR,Real Estate,REIT - Specialty,180.86,184.79,129.95,2174400,63265632256,50.519554,53.088253,2.7996905,,0.2152,0.05469,0.01175,0.171,2.7,1.133,81.655,4.93
AZO,Consumer Cyclical,Auto Parts,3726.02,4388.11,3210.72,176770,61550125056,26.109032,21.339119,-21.160229,,0.124689996,,0.115030006,0.082,,0.355,,2.17
APD,Basic Materials,Specialty Chemicals,275.12,301.11,229.11,1584870,61257117696,,19.629232,3.9748032,,-0.02733,-0.01667,-0.01105,0.058,2.63,0.864,101.991,2.77
SRE,Utilities,Utilities - Diversified,92.97,97.45,61.9,3881740,60735827968,33.807274,16.855766,1.9207487,,0.134,0.051909998,0.01774,-0.002,2.83,0.7,83.385,2.33
O,Real Estate,REIT - Retail,64.88,67.94,50.71,7340370,60713078784,55.45299,36.95476,1.5364577,,0.18370001,0.02702,0.02269,0.11,4.99,0.774,73.505,4.32
TEL,Technology,Electronic Components,202.95,250.67,116.3,2740570,59573026816,29.243515,16.403023,4.589864,,0.11406,0.16097,0.09392,0.217,1.4,1.245,45.691,3.04
BKR,Energy,Oil & Gas Equipment & Services,59.34,67.0,33.6,10092830,58641952768,22.823078,20.395187,3.109085,,0.09332,0.14552,0.05538,0.003,1.55,0.879,35.255,2.32
TFC,Financial Services,Banks - Regional,46.65,56.2,33.56,8444550,58273705984,12.212043,9.123552,0.9771271,,0.28803,0.08236,0.00984,0.032,4.46,0.861,,2.68
AFL,Financial Services,Insurance - Life,110.3,119.32,96.95,2354150,56955551744,16.173021,14.1938715,1.940023,,0.21242,0.13118,0.025390001,-0.099,2.21,0.65,42.682,3.4
VST,Utilities,Utilities - Independent Power Producers,164.4,219.82,90.51,5334820,55702908928,75.06849,14.922894,21.204695,,0.05322,0.17656,0.03487,0.136,0.55,1.45,399.55,1.78
D,Utilities,Utilities - Regulated Electric,62.73,67.57,48.07,5822870,55126220800,18.07781,16.40991,1.9628273,,0.18163,0.09741,0.03108,0.204,4.26,0.67,150.094,4.19
TGT,Consumer Defensive,Discount Stores,120.74,126.0,83.44,7187270,54675922944,14.851168,14.190064,3.3823571,,0.03536,0.24034001,0.050890002,-0.015,3.78,1.105,125.518,3.14
AJG,Financial Services,Insurance Brokers,211.72,351.23,195.0,2298420,54433210368,36.885017,14.256932,2.3331828,,0.11484,0.06906,0.022449998,0.367,1.32,0.672,58.354,1.82
ALL,Financial Services,Insurance - Property & Casualty,207.5,216.75,176.0,1420320,53853687808,5.4519176,8.235641,1.8857635,,0.15191,0.39518002,0.064899996,0.051,2.08,0.206,25.091,3.76
PSA,Real Estate,REIT - Industrial,305.99,312.95,256.54,1097570,53703217152,33.998886,29.304642,10.963453,,0.36915,0.18763,0.07053,0.033,3.92,0.965,109.763,4.07
ADSK,Technology,Software - Application,253.85,329.09,215.01,2693560,53816201216,48.537285,18.027609,17.673885,,0.15597999,0.39675,0.096999995,0.194,,1.467,89.787,2.55
OKE,Energy,Oil & Gas Midstream,84.68,103.64,64.02,5670980,53330075648,15.623616,14.074161,2.3715239,,0.1009,0.15489,0.05568,0.295,4.91,0.88,146.453,4.94
FAST,Industrials,Industrial Distribution,46.3,50.63,35.305,8243910,53167611904,42.477062,34.369617,13.478893,,0.15345,0.33291,0.21225001,0.111,1.94,0.862,11.205,3.22
OXY,Energy,Oil & Gas E&P,53.12,56.34,34.78,21082960,52390481920,39.34815,23.328634,1.8877044,,0.10772,0.05929,0.02743,1.489,1.96,0.351,63.804,2.29
GWW,Industrials,Industrial Distribution,1106.4,1218.63,893.99,274170,52608585728,31.254236,22.852016,14.042926,,0.09508,0.46098998,0.19034,0.045,0.82,1.092,69.114,3.65
AME,Industrials,Specialty Industrial Machinery,226.3,242.05,145.02,1703710,52095135744,35.359375,25.955555,4.876525,,0.19999,0.14594,0.07882,0.134,0.6,1.013,24.194,1.97
MPWR,Technology,Semiconductors,1055.82,1256.22,438.86,638590,51859763200,81.973595,40.85184,14.562633,,0.22272,0.19173999,0.11813,0.208,0.76,1.49,0.683,3.0
COIN,Financial Services,Financial Data & Stock Exchanges,196.52,444.65,139.36,14972150,52993114112,44.26126,32.972878,3.5580823,,0.1831,0.10055,0.0355,-0.222,,3.709,53.119,2.02
NXPI,Technology,Semiconductors,203.03,256.36,148.09,2746270,51304226816,25.50628,12.1094675,5.1051044,,0.16472,0.20698999,0.08009,0.072,2.0,1.44,119.711,2.99
CTVA,Basic Materials,Agricultural Inputs,76.31,80.905,53.4,4263740,51565105152,43.605713,18.931303,2.1244433,,0.06287,0.04974,0.03878,-0.017,0.94,0.721,12.282,2.98
XEL,Utilities,Utilities - Regulated Electric,81.88,84.23,65.21,4447970,51083030528,23.941519,18.090868,2.1627617,,0.13757,0.09358,0.023929998,0.141,2.89,0.426,152.832,4.84
CAH,Healthcare,Medical Distribution,217.04,233.6,120.72,1902340,51072987136,31.228777,18.745703,-17.761047,,0.00679,,0.03497,0.188,0.94,0.616,,2.95
ZTS,Healthcare,Drug Manufacturers - Specialty & Generic,120.49,172.23,115.25,3888510,53099122688,20.01495,15.899701,15.370583,,0.28235,0.65992,0.15255,0.03,1.76,0.954,279.586,3.65
EXC,Utilities,Utilities - Regulated Electric,49.01,49.88,41.71,10512190,50131963904,17.952381,16.130411,1.7402883,,0.11411,0.09936,0.028380001,-0.011,3.43,0.515,174.488,4.11
EA,Communication Services,Electronic Gaming & Multimedia,200.07,204.89,131.15,2527900,50068262912,75.21429,21.668615,8.1352415,,0.09307,0.10027,0.048070002,0.01,0.38,0.754,36.443,4.39
NDAQ,Financial Services,Financial Data & Stock Exchanges,87.6,101.79,64.84,4810310,50019201024,28.349514,20.026976,4.0829644,,0.34063998,0.15253,0.05055,0.134,1.23,1.035,77.878,1.43
TRGP,Energy,Oil & Gas Midstream,232.47,250.0,144.14,1791200,49969844224,27.381626,20.960445,16.265743,,0.11293,0.51381,0.086840004,-0.079,1.72,0.853,548.63,3.01
EW,Healthcare,Medical Devices,85.78,87.89,65.94,5050320,49821024256,47.392265,25.944645,4.8185596,,0.17692,0.10353,0.07653,0.133,,0.934,6.824,2.46
FIX,Industrials,Engineering & Construction,1383.62,1500.0,276.44,484570,48802979840,47.843014,31.234453,19.84339,,0.112349994,0.49238998,0.14712,0.417,0.16,1.602,19.739,1.47
FANG,Energy,Oil & Gas E&P,178.37,186.66,114.0,3809630,50750828544,31.129145,14.006116,1.373017,,0.1164,0.03735,0.01521,-0.094,2.35,0.569,33.784,4.53
URI,Industrials,Rental & Leasing Services,775.79,1021.47,525.91,739730,49363632128,20.082577,14.60069,5.4581976,,0.15492,0.28357,0.08653,0.028,1.02,1.654,174.732,2.11
F,Consumer Cyclical,Auto Manufacturers,12.24,14.8,8.44,73829490,48831176704,,6.6660495,1.3580384,,-0.04369,-0.20193,-0.00131,-0.048,4.9,1.665,460.639,2.16
KEYS,Technology,Scientific & Technical Instruments,285.54,317.0,121.43,2180340,49055772672,50.27113,27.894083,7.891988,,0.16946,0.17222999,0.05816,0.233,,1.137,44.674,1.36
CARR,Industrials,Building Products & Equipment,58.43,81.09,50.24,6093400,48838361088,34.573963,18.415852,3.5392814,,0.06824,0.10925,0.03526,-0.06,1.64,1.289,87.719,2.44
IDXX,Healthcare,Diagnostics & Research,598.85,769.98,356.14,541520,47818964992,45.888885,36.465946,29.73436,,0.24618,0.66202,0.25586998,0.143,,1.696,60.827,3.33
CIEN,Technology,Communication Equipment,337.36,365.9,49.21,3415400,47724109824,212.17609,41.256527,17.089306,,0.044699997,0.08201,0.04577,0.331,,1.09,56.931,1.51
ETR,Utilities,Utilities - Regulated Electric,104.76,107.93,75.57,2446960,47455215616,26.79284,21.274176,2.8001711,,0.13581,0.10774,0.0299,0.079,2.37,0.602,181.79,4.66
TER,Technology,Semiconductor Equipment & Materials,300.77,344.92,65.77,4118530,47087333376,86.92774,37.089516,16.792475,,0.17368001,0.19734,0.108339995,0.439,0.17,1.801,10.131,1.2
BDX,Healthcare,Medical Instruments & Supplies,163.88,187.35,127.58648,2777030,59372924928,26.821604,12.141274,1.8457241,,0.08014,0.0696,0.04079,0.016,2.56,0.307,77.284,4.39
GRMN,Technology,Scientific & Technical Instruments,241.34,261.69,169.26,1028280,46453321728,28.095459,23.729647,5.180971,,0.22964,0.19783,0.11371,0.166,1.74,0.949,2.184,2.63
MET,Financial Services,Insurance - Life,70.6,85.0,65.21,4866010,46517747712,14.989384,6.4430695,1.6292057,,0.04384,0.12020001,0.00458,0.276,3.22,0.745,225.974,2.59
KR,Consumer Defensive,Grocery Stores,72.24,74.9,58.6,7956960,44355358720,46.909092,12.823357,5.8550816,,0.0068800002,0.14405,0.056420002,0.012,1.94,0.59,415.768,4.38
CVNA,Consumer Cyclical,Auto & Truck Dealerships,318.77,486.89,148.25,2965350,69856108544,37.72426,29.893785,13.176125,,0.06924,0.67946,0.1086,0.58,,3.673,133.119,2.37
CMG,Consumer Cyclical,Restaurants,34.72,58.42,29.75,15146880,45909495808,30.456142,25.35269,16.0,,0.12878,0.47355,0.13878,0.049,,1.019,179.319,2.16
HSY,Consumer Defensive,Confectioners,219.0,239.48,150.04,1558130,44409942016,50.460827,22.326435,9.580472,,0.07554,0.1889,0.06892,0.07,2.65,0.112,123.763,3.5
YUM,Consumer Cyclical,Restaurants,159.2,169.39,137.33,1788060,44202328064,28.633093,21.333876,-6.020269,,0.1898,,0.22648,0.065,1.88,0.639,,3.02
DDOG,Technology,Software - Application,123.08,201.69,81.63,5338660,43552022528,397.03226,46.544518,11.625579,,0.03144,0.03343,-0.0043,0.292,,1.36,34.269,1.23
WAB,Industrials,Railroads,246.75,266.27,151.81,998270,42183684096,36.12738,20.88194,3.7780774,,0.104770005,0.11096,0.06064,0.148,0.43,0.979,53.021,2.41
AXON,Industrials,Aerospace & Defense,529.97,885.92,396.41,1445590,42608353280,358.0878,50.144382,13.1096325,,0.044850003,0.04476,-0.0032300001,0.385,,1.524,59.107,2.42
ROK,Industrials,Specialty Industrial Machinery,374.07,438.72,215.0,1103060,42057883648,42.75086,27.296768,11.219856,,0.11557,0.23736,0.0871,0.119,1.48,1.522,99.289,2.6
DHI,Consumer Cyclical,Residential Construction,145.28,184.55,110.44,2520350,42290941952,13.23133,11.79872,1.7588165,,0.09948,0.13477,0.07825,-0.095,1.24,1.407,22.872,5.9
AIG,Financial Services,Insurance - Diversified,78.05,88.07,71.25,4433760,42113912832,14.37385,8.812856,1.0210489,,0.11634,0.07399,0.0173,-0.072,2.31,0.58,24.408,1.91
FITB,Financial Services,Banks - Regional,46.59,55.44,32.25,10430410,42015748096,13.1983,9.409973,1.5437887,,0.30186,0.121929996,0.0117999995,0.116,3.43,0.967,,2.62
AMP,Financial Services,Asset Management,456.16,550.18,396.14,614610,42379870208,12.580255,9.78744,6.356833,,0.18841,0.60508,0.02266,0.086,1.4,1.271,57.597,4.12
PEG,Utilities,Utilities - Regulated Electric,83.27,91.26,74.67,3245590,41564549120,19.732227,17.64793,2.4419355,,0.17349,0.12757,0.03392,0.183,3.22,0.582,142.68,2.58
PYPL,Financial Services,Credit Services,45.02,79.5,38.46,23957540,42123051008,8.321627,7.7561584,2.0447836,,0.15775,0.25732002,0.048800003,0.037,1.24,1.459,60.703,1.89
VTR,Real Estate,REIT - Healthcare Facilities,86.08,87.87,60.15,2605120,40885006336,159.40741,89.04797,3.2634492,,0.04321,0.0217,0.02178,0.214,2.42,0.76,101.996,5.85
ODFL,Industrials,Trucking,195.02,221.63,126.01,2459530,40778375168,40.29339,32.391907,9.434474,,0.18625,0.2393,0.15521,-0.057,0.59,1.219,3.28,5.08
EBAY,Consumer Cyclical,Internet Retail,90.86,101.15,58.71,4978790,41068720128,21.328638,13.623843,8.840241,,0.18297,0.40847,0.077989995,0.15,1.36,1.371,155.623,2.54
SYY,Consumer Defensive,Food Distribution,84.29,91.85,67.12,3423490,40369065984,22.719677,16.613386,17.68198,,0.021760002,0.82345,0.08505,0.03,2.56,0.595,640.248,3.13
MSCI,Financial Services,Financial Data & Stock Exchanges,550.11,626.28,486.74,625370,41335009280,35.083546,24.962893,-15.244839,,0.38358003,,0.19174999,0.106,1.49,1.301,,1.52
ED,Utilities,Utilities - Regulated Electric,111.3,115.25,94.96,2732590,40212992000,19.734043,17.187065,1.6615412,,0.11958,0.08767,0.03187,0.089,3.09,0.345,117.317,6.1
PCG,Utilities,Utilities - Regulated Electric,18.22,19.16,12.97,21725370,40046972928,15.440678,10.102354,1.2934828,,0.10399,0.08207,0.02427,0.026,1.1,0.308,187.043,2.16
CBRE,Real Estate,Real Estate Services,134.59,174.27,108.45,2324900,40053039104,34.958443,15.47264,4.4136553,,0.02853,0.13572,0.02927,0.118,,1.341,106.244,1.33
XYZ,Technology,Software - Infrastructure,65.6,82.5,44.27,14309210,39862824960,31.238096,14.05882,1.77879,,0.053969998,0.060100004,0.028789999,0.036,,2.675,40.444,2.06
LYV,Communication Services,Entertainment,165.53,175.25,112.88,3780930,38866759680,,72.97343,142.94473,,0.01968,0.36701,0.038900003,0.111,,1.145,572.032,5.88
CCI,Real Estate,REIT - Specialty,88.52,115.76,77.01,3354750,38600953856,35.126984,31.611574,-23.548815,,0.10413,,0.04058,-0.043,4.8,0.951,,2.18
NUE,Basic Materials,Steel,170.43,196.9,97.59,1537640,39004377088,22.663563,12.445942,1.8584794,,0.05367,0.09361,0.04814,0.086,1.31,1.768,32.765,2.2
TTWO,Communication Services,Electronic Gaming & Multimedia,209.08,264.79,188.56,2114040,38716485632,,26.823215,11.07122,,-0.60449004,-0.86217004,-0.00248,0.249,,0.958,100.449,3.08
DAL,Industrials,Airlines,59.27,76.39,34.74,15357890,38711054336,7.737598,7.2255816,1.8464175,,0.078990005,0.27693,0.04502,0.029,1.27,1.35,102.498,1.83
EQT,Energy,Oil & Gas E&P,61.83,63.06,43.57,9263550,38598860800,18.67976,13.342857,1.6244975,,0.24927,0.09007,0.053460002,0.269,1.07,0.722,28.932,2.68
HIG,Financial Services,Insurance - Diversified,137.25,144.5,107.49,1648250,38279065600,10.311795,9.471848,2.0384974,,0.13518,0.21656,0.0372,0.067,1.75,0.516,23.937,4.15
KDP,Consumer Defensive,Beverages - Non-Alcoholic,28.04,36.12,25.03,10906340,38096998400,18.326797,11.103368,1.4930778,,0.12522,0.08356,0.04261,0.105,3.28,0.303,75.384,3.54
WDAY,Technology,Software - Application,142.49,276.0,117.76,8034340,38044831744,55.01545,11.439422,4.730744,,0.07255,0.08231,0.03551,0.145,,1.167,48.956,2.74
WEC,Utilities,Utilities - Regulated Electric,114.5,118.19,100.61,2298300,37273341952,23.804575,19.06649,2.7373354,,0.15893,0.11576,0.030199999,0.111,3.33,0.534,159.331,5.43
MLM,Basic Materials,Building Materials,607.54,710.97,441.95,603410,36641980416,37.18115,25.678871,3.6523767,,0.18488,0.10159001,0.049889997,0.086,0.55,1.149,59.866,3.26
ROP,Technology,Software - Application,353.87,594.25,313.07,1474120,38089658368,24.937984,15.165521,1.8973652,,0.19441,0.07929,0.04239,0.097,1.03,0.927,47.957,1.38
LVS,Consumer Cyclical,Resorts & Casinos,54.31,70.45,30.18,4484700,36720865280,23.11064,14.488462,23.051785,,0.124989994,0.73263,0.08997,0.26,1.93,0.888,829.059,1.8
CCL,Consumer Cyclical,Travel Services,26.21,34.03,15.07,30205170,36304506880,12.975247,9.301417,2.7993164,,0.10366999,0.25632998,0.05409,0.066,0.57,2.459,227.882,1.82
TPL,Energy,Oil & Gas E&P,520.76,547.2,269.23334,613680,35902005248,74.60745,7.121991,24.607098,,0.60308,0.37152,0.25817,0.139,0.46,0.731,1.219,7.48
RMD,Healthcare,Medical Instruments & Supplies,247.11,293.81,199.92,927510,36069728256,24.442137,20.28891,5.694566,,0.27526,0.25676,0.14745,0.11,0.97,0.887,13.411,9.15
VMC,Basic Materials,Building Materials,272.0,331.09,218.87,1396240,35939606528,33.333332,25.01842,4.166922,,0.13559,0.12972,0.057789996,0.032,0.76,1.059,57.785,3.06
MCHP,Technology,Semiconductors,65.33,83.35,34.13,9589030,35352383488,,24.595196,5.3889303,,-0.01574,-0.010930001,0.011569999,0.156,2.79,1.447,82.382,2.52
CPRT,Industrials,Specialty Business Services,36.31,63.85,33.81,10276200,35148722176,22.83648,21.612968,3.5731158,,0.33758,0.17129,0.109919995,-0.036,,1.106,0.98,3.96
ACGL,Financial Services,Insurance - Diversified,96.19,103.39,82.45,1573120,34880991232,8.292241,9.51278,1.4714476,,0.22073,0.19540001,0.04437,0.085,,0.365,11.919,2.31
KVUE,Consumer Defensive,Household & Personal Products,17.96,25.17,14.02,33619140,34424504320,23.631578,14.970908,3.196867,,0.097200006,0.14388,0.06609,0.032,4.62,0.473,80.576,1.25
STT,Financial Services,Asset Management,122.55,137.05,72.81,2339840,34229741568,13.037235,9.415871,1.4084911,,0.21209998,0.11078,0.00819,0.076,2.74,1.416,,2.85
PAYX,Technology,Software - Application,95.12,161.24,86.89,4276110,34144985088,21.520363,16.102549,8.800075,,0.26446,0.40884998,0.116359994,0.183,4.54,0.889,129.814,5.02
EL,Consumer Defensive,Household & Personal Products,94.27,121.64,48.37,4455930,34100006912,,31.104818,8.457743,,-0.012130001,-0.04341,0.04423,0.056,1.49,1.112,232.945,2.5
IR,Industrials,Specialty Industrial Machinery,86.42,100.96,65.61,3047970,34145439744,59.6,22.175007,3.3500018,,0.07599,0.057729997,0.05199,0.101,0.09,1.289,50.699,2.83
KMB,Consumer Defensive,Household & Personal Products,101.71,147.12,96.26,5080840,33759823872,20.927982,13.18787,22.477348,,0.122880004,1.26603,0.09612001,-0.006,5.03,0.234,464.785,5.46
NRG,Utilities,Utilities - Independent Power Producers,155.15,189.96,79.57,4458690,32950165504,38.7875,13.679933,28.646603,,0.02813,0.41548002,0.04571,0.137,1.22,1.265,989.054,2.01
PRU,Financial Services,Insurance - Life,95.47,119.76,90.38,2457230,33223561216,9.556557,6.2133794,1.0240486,,0.0584,0.11359999,0.00424,0.312,5.71,0.966,124.482,3.05
OTIS,Industrials,Specialty Industrial Machinery,86.09,105.95,84.003,3457250,33550635008,24.597141,17.806173,-6.223523,,0.0959,,0.13519,0.033,1.95,0.986,,2.43
ADM,Consumer Defensive,Farm Products,69.39,70.48,40.98,3397880,33390596096,31.11659,14.889408,1.4651605,,0.01343,0.04721,0.01706,-0.137,3.0,0.683,42.376,3.32
GEHC,Healthcare,Medical Devices,72.73,89.77,57.65,3177850,33146681344,15.984615,13.061227,3.1935542,,0.10104,0.22378,0.05472,0.071,0.19,1.181,98.717,2.51
A,Healthcare,Diagnostics & Research,115.43,160.27,96.43,3267650,32648179712,25.537611,17.60825,4.723768,,0.18259001,0.19945998,0.08462,0.07,0.88,1.312,51.39,1.9
DG,Consumer Defensive,Discount Stores,146.0,158.23,74.67,3009930,32137353216,25.172413,20.14599,3.9257867,,0.03033,0.16450001,0.04191,0.046,1.62,0.22,201.663,2.88
HBAN,Financial Services,Banks - Regional,15.99,19.46,11.92,26199980,32456380416,11.503597,8.377781,1.1599565,,0.28744,0.10095,0.01038,0.103,3.88,0.967,,1.6
EME,Industrials,Engineering & Construction,723.38,835.0,320.89,492290,32382730240,25.642681,22.913198,8.765799,,0.07493,0.3849,0.11604,0.197,0.22,1.14,12.913,1.84
IRM,Real Estate,REIT - Specialty,107.77,115.24,72.33,1649200,31882158080,224.52083,42.077602,-32.4902,,0.02095,,0.04405,0.166,3.21,1.148,,3.35
FISV,,,59.45,227.0,57.79,6630360,31975297024,9.376971,6.5548434,1.2308489,,,,,,,,,
VICI,Real Estate,REIT - Diversified,29.31,34.01,27.48,9998920,31326861312,11.229885,10.020513,1.126961,,0.69281,0.10217,0.049510002,0.038,6.08,0.699,62.679,2.8
EXR,Real Estate,REIT - Industrial,146.68,155.19,121.03,1056090,32503615488,31.956425,29.88054,2.305673,,0.28261998,0.07008,0.03351,0.046,4.42,1.242,98.679,3.38
DTE,Utilities,Utilities - Regulated Electric,147.76,154.63,123.69,1525670,30705082368,21.01849,17.831411,2.4950187,,0.09245,0.12177,0.02943,0.289,3.05,0.434,213.601,2.84
FICO,Technology,Software - Application,1285.15,2217.6,1193.1,269560,30486501376,47.615784,24.0846,-16.889868,,0.31886998,,0.34764,0.164,,1.277,,3.9
AEE,Utilities,Utilities - Regulated Electric,110.39,113.64,91.77,1835280,30514501632,20.633646,19.059837,2.2768335,,0.1719,0.11337,0.03053,-0.088,2.72,0.531,147.125,3.96
IBKR,Financial Services,Capital Markets,68.5,79.18,32.82,4951860,116450910208,30.855856,25.0073,5.6893687,,0.15847999,0.23507999,0.02466,0.152,0.47,1.251,124.331,1.93
MTB,Financial Services,Banks - Regional,204.12,239.0,150.75,1319850,31371362304,12.007058,9.678667,1.1764773,,0.3104,0.09797,0.01352,0.047,2.94,0.588,,5.01
ATO,Utilities,Utilities - Regulated Gas,183.44,187.98,141.59,1389760,30348120064,23.916557,20.79578,2.124722,,0.25667998,0.09237,0.03648,0.142,2.18,0.698,67.443,2.8
CTSH,Technology,Information Technology Services,62.98,87.03,60.04,7877570,30397073408,13.811403,10.247665,2.0091236,,0.10564999,0.15158,0.102290004,0.049,2.1,0.983,7.819,4.28
TDY,Technology,Scientific & Technical Instruments,655.29,693.38,419.0,280410,30766512128,34.726547,25.489006,2.8785608,,0.14632,0.08926,0.04921,0.073,,0.975,25.13,2.83
TPR,Consumer Cyclical,Luxury Goods,148.27,161.97,58.39,2366280,30343419904,57.468994,20.62663,54.53108,,0.0695,0.55337,0.15020001,0.14,1.08,1.597,715.475,4.31
CBOE,Financial Services,Financial Data & Stock Exchanges,285.52,305.68,200.88,1029270,29884719104,27.40115,22.482933,5.8149524,,0.23334,0.2336,0.11123,0.087,0.98,0.336,30.958,2.87
XYL,Industrials,Specialty Industrial Machinery,122.71,154.27,100.47,2081200,29876086784,31.38363,20.157534,2.6036494,,0.10592,0.08396,0.048309997,0.063,1.4,1.169,21.066,2.21
WAT,Healthcare,Diagnostics & Research,299.63,414.15,275.05,1296720,29394264064,27.846655,18.402124,6.966357,,0.20302,0.29279,0.11524,0.068,,1.203,60.282,1.69
RJF,Financial Services,Asset Management,148.64,177.66,117.57,1334530,29351925760,14.529815,10.822547,2.3446274,,0.14758,0.17124,0.024530001,0.057,1.45,1.007,46.262,5.55
UAL,Industrials,Airlines,91.1,119.21,52.0,10156170,29492529152,8.931373,6.029874,1.9282871,,0.056760002,0.23987,0.04231,0.048,,1.247,203.089,1.44
HAL,Energy,Oil & Gas Equipment & Services,35.34,37.03,18.72,15526490,29743085568,23.56,13.144632,2.8208814,,0.05783,0.12274,0.07374,0.008,1.92,0.753,79.162,3.11
FE,Utilities,Utilities - Regulated Electric,50.66,51.39,37.58,3848510,29278078976,28.78409,17.194622,2.340062,,0.06845,0.09195,0.037249997,0.207,3.67,0.601,192.755,4.95
ULTA,Consumer Cyclical,Specialty Retail,647.23,714.97,309.01,496830,29020733440,24.8171,22.650076,10.939221,,0.09932,0.47967,0.15153,0.129,,0.847,97.784,4.09
IQV,Healthcare,Diagnostics & Research,170.93,247.05,134.65,2514570,29006819328,21.77452,12.15497,4.457919,,0.083380006,0.21438,0.05053,0.103,,1.411,245.928,1.2
EXPE,Consumer Cyclical,Travel Services,231.66,303.8,130.01,3568280,28386428928,23.638775,10.135149,22.100744,,0.08783,0.48672,0.057719998,0.114,0.73,1.41,254.692,2.46
PPL,Utilities,Utilities - Regulated Electric,37.84,39.09,32.5,9706870,28429449216,23.798742,17.897177,1.9097608,,0.13061,0.08157,0.03095,0.028,3.01,0.689,131.147,3.31
DOV,Industrials,Specialty Industrial Machinery,210.26,237.54,143.04,1328890,28837834752,26.38143,18.297432,3.8287566,,0.13518,0.15285,0.06965,0.088,0.99,1.249,48.404,2.57
KHC,Consumer Defensive,Packaged Foods,23.66,31.15,21.985,15936500,28007401472,,11.021414,0.67236924,,-0.23437999,-0.12837,0.03498,-0.034,6.76,0.01,52.1,4.33
CNP,Utilities,Utilities - Regulated Electric,43.16,44.04,34.3,5466260,28233687040,26.975,20.67347,2.5264883,,0.11243,0.096429996,0.02892,0.107,2.13,0.539,206.599,5.63
VRSK,Industrials,Consulting Services,202.66,322.92,164.6,2395470,28245245952,31.226503,23.576468,90.75683,,0.2956,4.3794603,0.16462,,0.99,0.797,1581.795,2.24
HPE,Technology,Communication Equipment,21.1,26.44,11.965,20590740,28158648320,,7.726165,1.1318529,,-0.0033000002,-0.00471,0.01609,0.184,2.7,1.311,87.223,4.55
BIIB,Healthcare,Drug Manufacturers - General,188.41,202.41,110.04,903240,27650775040,21.410227,11.601494,1.5149761,,0.13071999,0.07394,0.0614,-0.071,,0.145,36.466,2.7
CHTR,Communication Services,Telecom Services,219.33,437.06,180.38,1562190,28383356928,6.0571666,4.515211,1.7300457,,0.09105,0.28667998,0.054840002,-0.023,,1.023,482.329,6.61
ES,Utilities,Utilities - Regulated Electric,73.61,76.41,52.28,2374630,27640305664,16.142544,14.212537,1.7061073,,0.124919996,0.10777,0.031689998,0.134,4.28,0.753,184.946,2.43
EIX,Utilities,Utilities - Regulated Electric,71.08,75.5,47.73,3862710,27350939648,6.154113,10.916206,1.6011534,,0.23083,0.24103001,0.03809,0.308,4.94,0.777,215.738,3.91
WTW,Financial Services,Insurance Brokers,289.26,352.79,275.6,740530,27696244736,17.778734,12.903572,3.4482102,,0.16533001,0.20076,0.048309997,-0.033,1.33,0.622,85.755,1.59
DVN,Energy,Oil & Gas E&P,43.7,46.15,25.89,14266440,27105550336,10.479616,9.895677,1.7504506,,0.16473,0.17736,0.07715,-0.121,2.2,0.619,55.951,1.32
ROL,Consumer Cyclical,Personal Services,56.28,66.14,49.73,3009450,27075870720,51.633026,39.969604,19.705883,,0.14004,0.38944,0.15293999,0.097,1.3,0.796,75.529,2.72
TSCO,Consumer Cyclical,Specialty Retail,50.34,63.99,46.85,6536920,26496524288,24.436893,20.950035,10.277665,,0.07061,0.45183998,0.08844,0.033,1.91,0.698,230.228,4.39
JBL,Technology,Electronic Components,251.15,281.37,108.66,1236580,26828584960,39.365204,18.624065,19.961056,,0.0226,0.47823003,0.051620003,0.187,0.13,1.183,255.828,2.89
STLD,Basic Materials,Steel,182.19,208.47,103.17,1136430,26599145472,22.77375,11.389303,2.948106,,0.06523,0.13284001,0.05884,0.14,1.11,1.395,49.077,2.98
DXCM,Healthcare,Medical Devices,67.79,89.98,54.11,3762160,26439202816,32.43541,22.682104,9.49972,,0.17939,0.34497002,0.088870004,0.131,,1.526,50.852,2.38
STZ,Consumer Defensive,Beverages - Brewers,150.09,196.91,126.45,1840340,26129747968,23.599056,12.143007,3.3749325,,0.11826,0.14454001,0.08804,-0.098,2.72,0.422,133.293,3.76
AWK,Utilities,Utilities - Regulated Water,132.84,155.5,121.28,1892260,25931520000,23.34622,20.211578,2.392479,,0.21615,0.10496,0.0347,0.058,2.49,0.759,146.987,4.91
FIS,Technology,Information Technology Services,50.53,82.74,46.16,5960850,26166996992,69.21918,7.331678,1.8686439,,0.03578,0.026010001,0.043720003,0.082,3.25,0.909,95.893,1.97
NTRS,Financial Services,Asset Management,137.98,157.6,81.62,1174140,25640519680,15.787186,12.391135,2.1296167,,0.21459,0.13492,0.01044,0.082,2.28,1.266,,1.57
CINF,Financial Services,Insurance - Property & Casualty,164.73,174.27,123.02,816510,25700929536,10.851778,17.898956,1.6088957,,0.18945,0.16036,0.04892,0.218,2.15,0.636,5.568,3.28
HUBB,Industrials,Electrical Equipment & Parts,478.06,533.8,299.425,470060,25414434816,28.903263,22.16689,6.616198,,0.15178001,0.24542,0.10027,0.119,1.19,0.997,64.473,4.24
WRB,Financial Services,Insurance - Property & Casualty,67.86,78.96,60.68,2129690,25788237824,15.249439,13.996341,2.6383111,,0.120979995,0.19700001,0.03656,0.015,0.53,0.336,31.921,9.02
EXE,Energy,Oil & Gas E&P,104.67,126.621,91.015,3332150,25162485760,13.826948,11.342062,1.3479543,,0.15628,0.100659996,0.05863,0.383,3.05,0.473,27.495,2.04
OMC,Communication Services,Advertising Agencies,80.98,87.17,66.33,4786160,25476608000,,6.4380875,2.104853,,-0.00316,0.00479,0.03767,0.279,3.95,0.71,86.307,7.44
MTD,Healthcare,Diagnostics & Research,1231.73,1525.17,946.69,197530,25162326016,29.326904,24.092335,-1060.9216,,0.21587,,0.20354,0.081,,1.438,,3.37
CFG,Financial Services,Banks - Regional,58.89,68.79,32.6,6264480,25292441600,15.256477,9.356203,1.0442971,,0.23969,0.07241,0.00825,0.107,3.12,1.085,,2.62
AVB,Real Estate,REIT - Residential,174.45,217.32,166.73,1063430,24701237248,23.574324,34.91891,2.1020858,,0.34569,0.088879995,0.02702,0.037,4.08,0.745,80.256,3.8
LEN,Consumer Cyclical,Residential Construction,98.72,144.24,96.4,2485400,24445165568,12.370928,11.706891,1.1103739,,0.06079,0.08406,0.04717,-0.058,2.03,1.403,27.728,3.77
DOW,Basic Materials,Chemicals,33.89,37.8,20.402,16849590,24387901440,,49.115227,1.5184371,,-0.065630004,-0.13818,-0.00066,-0.091,5.16,0.71,111.871,1.89
ARES,Financial Services,Asset Management,108.68,195.26,105.47,3859080,35964317696,63.555553,14.08458,8.567599,,0.09415,0.13520001,0.023359999,0.195,4.97,1.565,163.448,2.57
Q,Technology,Semiconductor Equipment & Materials,113.97,140.6,70.5,3357230,23894827008,34.432026,25.738483,3.3659184,,0.14556,0.079840004,0.048449997,0.081,0.12,,61.431,1.27
CHD,Consumer Defensive,Household & Personal Products,101.13,113.91,81.33,1898790,24284354560,33.486755,25.02462,5.977303,,0.11878,0.1762,0.08202,0.039,1.22,0.426,59.517,3.76
PHM,Consumer Cyclical,Residential Construction,124.39,144.5,88.07,1723160,23923664896,11.1861515,11.013598,1.8461516,,0.12816,0.17673999,0.10585,-0.063,0.84,1.298,18.453,4.22
PPG,Basic Materials,Specialty Chemicals,105.85,133.43,90.24,2430310,23689086976,15.296243,12.157025,2.9781666,,0.09928001,0.21077,0.063930005,0.05,2.68,1.123,97.592,3.02
EFX,Industrials,Consulting Services,195.94,281.03,166.02,1355800,23981887488,36.761726,18.912197,5.123686,,0.1087,0.13757,0.06041,0.092,1.05,1.532,110.637,2.25
BRO,Financial Services,Insurance Brokers,68.58,125.68,65.68,2946380,23414638592,21.702532,13.767878,1.8365381,,0.18289,0.11226,0.04241,0.362,0.92,0.798,62.976,4.33
DLTR,Consumer Defensive,Discount Stores,116.82,142.4,61.8,2543910,23827523584,22.125,17.335997,6.766682,,-0.15397,0.20066999,0.05111,0.094,,0.692,221.055,3.64
ON,Technology,Semiconductors,59.59,73.76,31.04,8244640,23977728000,205.48276,14.801733,3.0810196,,0.020179998,0.01498,0.050229996,-0.112,,1.53,42.294,3.45
DRI,Consumer Cyclical,Restaurants,203.47,228.27,169.0,1271190,23666360320,21.328093,17.85741,11.27695,,0.08924,0.54104,0.07198,0.073,2.95,0.599,401.269,4.82
CMS,Utilities,Utilities - Regulated Electric,76.43,78.47,67.71,3155560,23419748352,21.713068,18.318434,2.625468,,0.12542,0.108559996,0.031519998,0.123,2.98,0.432,194.861,4.22
EQR,Real Estate,REIT - Residential,61.48,72.65,58.38,2286190,24108679168,20.911564,40.85973,2.1069226,,0.36202,0.100200005,0.02615,0.02,4.51,0.735,74.323,3.29
BG,Consumer Defensive,Farm Products,119.75,124.78,68.33,1791700,23172712448,24.290062,12.006565,1.4562811,,0.0116,0.05964,0.02506,0.755,2.34,0.743,91.006,3.09
RF,Financial Services,Banks - Regional,26.76,31.53,17.74,14937660,23465213952,11.634783,9.373522,1.31273,,0.30556,0.1165,0.01364,0.156,3.91,1.041,,4.1
CTRA,Energy,Oil & Gas E&P,30.41,32.67,22.33,10005170,23089483776,13.575892,11.234585,1.5575701,,0.2456,0.12275,0.0671,0.234,2.89,0.353,26.984,1.69
SYF,Financial Services,Credit Services,65.46,88.77,40.545,4344510,23576799232,7.0538793,6.257994,1.4629894,,0.36408,0.21304001,0.029779999,0.05,1.83,1.412,,2.65
VLTO,Industrials,Pollution & Treatment Controls,91.79,110.11,83.865,1825740,22791213056,24.412235,20.158695,7.3432,,0.17082001,0.36498,0.11339,0.038,0.57,1.106,92.692,1.73
GIS,Consumer Defensive,Packaged Foods,42.28,62.61,42.27,7190580,22559850496,9.092473,12.145481,2.421535,,0.1351,0.27173,0.056810003,-0.072,5.77,-0.095,147.23,4.44
L,Financial Services,Insurance - Property & Casualty,109.16,114.9,78.98,706380,22558959616,13.6963625,37.64138,1.2034353,,0.09033,0.09431,0.019650001,0.041,0.23,0.588,50.221,4.99
WSM,Consumer Cyclical,Specialty Retail,188.39,222.0,130.07,1086660,22490132480,20.793596,20.588846,10.968211,,0.14297,0.56918997,0.17867,0.046,1.4,1.558,70.88,7.66
CPAY,Technology,Software - Infrastructure,329.08,361.99,252.84,719630,23021795328,21.880318,11.095574,5.792336,,0.23625,0.29071,0.06038,0.207,,0.819,243.348,2.92
SW,Consumer Cyclical,Packaging & Containers,42.74,52.65,32.729,6281320,22406604800,32.135338,13.082459,1.2146877,,0.02242,0.03911,0.031689998,0.005,4.23,1.004,81.007,3.65
LDOS,Technology,Information Technology Services,172.51,205.77,128.32,1335390,22056296448,15.485637,13.414943,4.434932,,0.084309995,0.31034002,0.09905,-0.036,0.96,0.617,107.658,2.59
NI,Utilities,Utilities - Regulated Gas,46.57,47.67,35.64,4424820,22285289472,23.882051,20.987782,2.3577359,,0.13994001,0.0907,0.03368,0.198,2.58,0.616,139.284,2.38
LH,Healthcare,Diagnostics & Research,268.7,293.72,209.38,517500,22275231744,25.712921,13.942096,2.5623667,,0.06282,0.10509,0.05116,0.056,1.07,0.974,75.561,4.17
DGX,Healthcare,Diagnostics & Research,200.9,213.5,157.2,800620,22348589056,22.933788,17.49913,3.0821393,,0.089899994,0.14751,0.06196,0.071,1.71,0.63,90.379,3.49
BR,Technology,Information Technology Services,186.63,271.91,163.71,1419520,21788813312,20.667776,18.031519,7.5644455,,0.14864,0.41793,0.09175,0.078,2.09,0.977,117.175,2.01
VRSN,Technology,Software - Infrastructure,238.61,310.6,208.86,798670,22119147520,27.114773,23.438059,-10.179173,,0.49842998,,0.51283,0.076,1.36,0.765,,2.03
STE,Healthcare,Medical Devices,222.08,269.44,204.9,916360,21796487168,30.973501,20.01121,3.04507,,0.12144,0.10468,0.06606,0.092,1.11,1.036,28.651,1.74
MRNA,Healthcare,Biotechnology,54.98,59.55,22.28,11205090,21713768448,,-12.044444,2.504327,,-1.4516499,-0.28868,-0.14511,-0.298,,1.352,15.087,5.05
KEY,Financial Services,Banks - Regional,19.76,23.35,12.73,16575150,21531435008,13.0,9.303377,1.2182491,,0.26102,0.09482,0.00984,1.315,4.15,1.086,,1.09
LYB,Basic Materials,Specialty Chemicals,65.61,75.62,41.58,10452780,21137571840,,15.896052,2.0960321,,-0.02471,-0.06949,0.01688,-0.092,7.32,0.674,144.156,3.0
FSLR,Technology,Solar,197.8,285.99,116.56,3209840,21226115072,13.929578,7.768177,2.2253973,,0.2928,0.1745,0.078439996,0.111,,1.648,6.871,3.44
TSN,Consumer Defensive,Farm Products,60.24,66.41,50.56,3406350,21209237504,107.571434,13.630286,1.1767924,,0.0036300002,0.012560001,0.02173,0.051,3.39,0.441,46.039,3.31
LUV,Industrials,Airlines,42.82,55.11,23.82,11635490,22144579584,54.20253,8.761592,2.76615,,0.01571,0.04812,0.009509999,0.074,1.68,1.094,74.94,2.11
RL,Consumer Cyclical,Apparel Manufacturing,346.17,389.15,176.61,638990,20991977472,23.532972,19.281662,7.262867,,0.11726,0.33846,0.09568,0.122,1.05,1.488,98.972,3.42
HUM,Healthcare,Healthcare Plans,173.62,315.35,169.61,1662320,20937871360,17.644308,11.063686,1.1857669,,0.00916,0.07039,0.043,0.113,2.04,0.415,74.815,1.61
CHRW,Industrials,Integrated Freight & Logistics,175.86,203.34,84.68,1913970,20860659712,36.33471,24.570719,11.284651,,0.036170002,0.32911,0.10045,-0.065,1.43,0.903,75.604,2.41
IP,Consumer Cyclical,Packaging & Containers,39.09,56.64,35.56,6140410,20641017856,,13.440842,1.3921436,,-0.14877,-0.24678,0.02471,0.531,4.73,1.038,71.073,5.59
SBAC,Real Estate,REIT - Specialty,193.7,245.16,177.49,1317000,20465178624,19.765305,24.600885,-4.217012,,0.37427,,0.082550004,0.037,2.58,0.833,,2.72
GPN,Industrials,Specialty Business Services,73.54,100.56,65.93,4093140,20583942144,16.600452,4.5158453,0.7604728,,0.18169,0.04824,0.02755,-0.0,1.36,0.732,93.316,2.49
JBHT,Industrials,Integrated Freight & Logistics,215.85,236.0,122.79,891800,20552880128,35.21207,24.407095,5.7272873,,0.04986,0.15787,0.066589996,-0.016,0.83,1.207,48.26,2.29
CSGP,Real Estate,Real Estate Services,46.33,97.43,43.16,6358900,19635709952,2316.5002,26.091267,2.3231208,,0.0021600001,0.00088,-0.00341,0.269,,0.902,13.666,2.55
PKG,Consumer Cyclical,Packaging & Containers,221.32,249.51,172.72,890630,19913723904,25.764843,18.124063,4.265341,,0.08611,0.17198,0.08299,0.101,2.26,0.896,94.93,3.22
LULU,Consumer Cyclical,Apparel Retail,166.43,348.5,159.25,2315970,19736793088,11.573713,13.205932,4.358746,,0.15720001,0.41017,0.20285,0.071,,1.013,39.156,1.82
ALB,Basic Materials,Specialty Chemicals,166.54,206.0,49.43,2574960,19626274816,,19.175104,2.6861722,,-0.09929,-0.04656,0.003,0.159,0.97,1.476,33.954,3.33
PFG,Financial Services,Asset Management,89.73,97.88,68.39,1808390,19713128448,17.091429,8.743364,1.6413325,,0.075840004,0.10524,0.00282,-0.037,3.49,0.876,34.915,3.75
PTC,Technology,Software - Application,159.52,219.69,133.38,1161560,18982260736,23.458824,18.31477,4.9357963,,0.28612,0.23141001,0.112390004,0.214,,1.042,35.942,2.94
AMCR,Consumer Cyclical,Packaging & Containers,42.1,50.94,38.35,5175480,19452123136,31.654133,9.526892,1.6716963,,0.03039,0.07734,0.03909,0.681,6.18,0.635,138.731,4.48
TROW,Financial Services,Asset Management,89.14,118.22,77.85,2122960,19453644800,9.647186,8.746075,1.7939945,,0.28533,0.18791,0.106479995,0.06,5.83,1.553,3.891,9.35
SNA,Industrials,Tools & Accessories,370.0,390.13,289.81,361580,19242795008,19.270832,17.259073,3.2352557,,0.19722,0.18327999,0.10032,0.031,2.64,0.749,21.711,7.06
NTAP,Technology,Software - Infrastructure,96.91,126.66,71.84,2631090,19194030080,16.260067,11.386107,16.571478,,0.18065001,1.12587,0.10272,0.044,2.15,1.349,236.097,6.87
SMCI,Technology,Computer Hardware,31.79,62.36,27.6,26985360,19089319936,23.20438,10.736456,2.7231455,,0.03111,0.13193,0.03418,1.234,,1.487,75.28,2.27
INCY,Healthcare,Biotechnology,96.02,112.29,53.56,1667220,19109369856,14.979719,11.065436,3.6876872,,0.25026,0.2987,0.13571,0.278,,0.844,1.063,5.68
NVR,Consumer Cyclical,Residential Construction,6783.24,8618.28,6562.85,23940,19260549120,15.527974,15.021619,4.913209,,0.12836,0.33185002,0.18278,-0.05,,1.036,28.342,3.06
EXPD,Industrials,Integrated Freight & Logistics,141.37,167.19,100.47,1754620,18946537472,23.759665,21.85734,8.034669,,0.07321,0.35431,0.13637,-0.033,1.09,1.107,24.197,1.95
DD,Basic Materials,Specialty Chemicals,45.97,52.66,22.497908,4113730,19260297216,218.90477,18.113045,1.3514229,,-0.11374,0.0051700003,0.01857,,1.74,1.115,24.484,1.82
EVRG,Utilities,Utilities - Regulated Electric,81.93,85.23,61.94,2292680,18866970624,22.385246,17.98509,1.845686,,0.14352,0.08569,0.02875,0.066,3.39,0.604,149.917,6.09
IFF,Basic Materials,Specialty Chemicals,72.85,84.45,59.14,1753060,18656620544,,15.162427,1.3160747,,-0.033150002,-0.02559,0.020639999,-0.066,2.2,1.005,46.884,4.82
LNT,Utilities,Utilities - Regulated Electric,71.04,72.65,57.09,3350170,18267285504,22.624203,19.271774,2.490709,,0.18569,0.11299,0.02636,0.09,2.9,0.611,168.08,7.16
ZBH,Healthcare,Medical Devices,91.7,114.44,84.59,1951890,18173247488,25.830986,10.191936,1.4118553,,0.08566,0.05599,0.03941,0.109,1.05,0.591,61.971,3.3
CNC,Healthcare,Healthcare Plans,36.4,66.03,25.08,5587110,17900466176,,8.762512,0.89710414,,-0.037890002,-0.28678,0.0101,0.232,,0.459,90.556,1.86
LII,Industrials,Building Products & Equipment,511.86,689.44,443.19,486210,17952354304,22.46971,19.242683,15.31323,,0.1551,0.75833,0.16916999,-0.112,1.02,1.142,152.24,3.39
WY,Real Estate,REIT - Specialty,24.18,30.28,21.16,6927380,17430419456,53.733334,33.574474,1.8483413,,0.046919998,0.03384,0.0074299998,-0.098,3.47,1.032,60.694,2.39
FTV,Technology,Scientific & Technical Instruments,55.82,62.42,45.504898,3495370,17729081344,35.10692,17.550478,2.7107615,,0.13926,0.06396,0.03133,0.046,0.47,0.998,51.177,2.6
CF,Basic Materials,Agricultural Inputs,110.05,121.8,67.34,5609120,17165009920,12.268673,15.776127,3.4928746,,0.20538999,0.23401,0.10625,0.228,1.82,0.689,46.765,4.59
MKC,Consumer Defensive,Packaged Foods,63.39,83.15,59.62,2440070,17016299520,21.634811,18.856586,2.9658916,,0.1154,0.14243001,0.05228,0.029,3.03,0.574,73.211,3.16
HPQ,Technology,Computer Hardware,18.79,29.55,17.56,21517760,17248929792,7.1174245,6.254931,-22.502996,,0.04462,,0.05617,0.069,6.39,1.178,,4.66
HOLX,Healthcare,Medical Instruments & Supplies,75.54,75.75,51.9,2741780,16863921152,31.344398,15.567394,3.2125542,,0.13178,0.108559996,0.07434,0.025,,0.728,48.051,1.82
WST,Healthcare,Medical Instruments & Supplies,233.83,322.34,187.43,840360,16840784896,34.4882,26.438198,5.3009453,,0.16059999,0.16855,0.100889996,0.075,0.38,1.179,10.271,2.21
PODD,Healthcare,Medical Devices,238.24,354.88,233.29,994440,16771106816,68.45977,29.460028,11.067547,,0.091239996,0.18124,0.09434,0.312,,1.435,66.176,1.47
BALL,Consumer Cyclical,Packaging & Containers,62.02,68.29,43.51,1874420,16620567552,18.79394,13.725247,3.036029,,0.069299996,0.16122,0.04677,0.162,1.29,1.115,136.027,2.0
VTRS,Healthcare,Drug Manufacturers - Specialty & Generic,14.08,16.47,6.85,12919000,16216919040,,5.2925167,1.1018076,,-0.2458,-0.21080999,0.0196,0.05,3.41,0.796,99.91,2.71
ESS,Real Estate,REIT - Residential,254.29,310.1,243.25,497230,17581598720,24.450962,40.495197,2.9572043,,0.346,0.12235,0.03105,0.032,4.05,0.722,119.433,3.08
HII,Industrials,Aerospace & Defense,417.51,460.0,177.42,453450,16384215040,27.093447,20.553753,3.2296019,,0.048460003,0.124239996,0.04023,0.157,1.32,0.28,58.762,3.17
FFIV,Technology,Software - Infrastructure,286.14,346.0,223.76,725600,16255926272,23.687088,17.039822,4.6004696,,0.22455,0.20844,0.08091,0.073,,0.994,7.566,2.0
TRMB,Technology,Scientific & Technical Instruments,68.99,87.5,52.91,1870880,16414166016,39.198864,17.060982,2.789729,,0.118190005,0.07322,0.041100003,-0.014,,1.574,26.749,1.83
TXT,Industrials,Aerospace & Defense,92.51,101.57,57.7,1437890,16111766528,18.06836,12.687811,2.047678,,0.062230002,0.12242,0.044650003,0.156,0.09,0.935,54.375,2.54
TKO,Communication Services,Entertainment,205.58,226.94,133.07,1219450,16224859136,90.9646,52.20602,4.277659,,0.04127,0.056339998,0.03603,0.119,1.52,0.167,43.924,7.33
INVH,Real Estate,REIT - Residential,25.75,35.799,25.21,7166190,15785280512,26.822918,35.960674,1.6503236,,0.21632999,0.060939997,0.02486,0.043,4.66,0.814,88.124,2.01
KIM,Real Estate,REIT - Retail,23.16,23.91,17.93,7045640,15683814400,28.243902,26.852173,1.5023352,,0.27323,0.055370003,0.02243,0.032,4.49,1.058,78.678,3.15
J,Industrials,Engineering & Construction,131.84,168.44,105.178215,762830,15568762880,34.878307,16.425058,4.501502,,0.03495,0.09726,0.05685,0.123,1.09,0.734,65.173,3.2
APTV,Consumer Cyclical,Auto Parts,72.05,88.93,47.19,2316020,15568522240,96.06667,7.6104064,1.6648567,,0.008090001,0.01948,0.059070002,0.05,,1.534,85.209,3.01
TYL,Technology,Software - Application,354.24,621.34,283.72,711020,15227126784,49.268425,24.964815,4.1253057,,0.13532,0.08901,0.04141,0.063,,0.934,17.355,1.79
MAA,Real Estate,REIT - Residential,130.13,169.42,125.75,877910,15618669568,34.517242,33.452442,2.6858063,,0.2023,0.07645,0.03255,0.01,4.7,0.768,93.305,3.28
NDSN,Industrials,Specialty Industrial Machinery,272.46,305.28,165.03,363170,15198798848,29.487013,22.087399,4.883758,,0.18386,0.17473,0.080170006,0.088,1.2,0.99,66.986,2.44
CDW,Technology,Information Technology Services,118.65,192.3,117.0,1622780,15447478272,14.684406,10.491922,5.8912616,,0.04756,0.43018,0.06806,0.063,2.12,1.046,236.871,2.66
AKAM,Technology,Software - Infrastructure,104.5,113.5,67.51,3576910,15140807680,34.03909,13.752643,3.0382323,,0.10742,0.091730006,0.035940003,0.074,,0.704,114.024,3.26
GPC,Consumer Cyclical,Auto Parts,108.96,151.57,104.01,1423160,15158745088,231.82979,12.725434,3.390168,,0.00271,0.015,0.046040002,0.041,3.9,0.734,156.063,2.59
DECK,Consumer Cyclical,Footwear & Accessories,105.26,133.43,78.91,2214010,15341101056,14.951705,14.374872,5.741246,,0.19348,0.39688,0.19903,0.071,,1.161,13.14,1.15
PNR,Industrials,Specialty Industrial Machinery,90.16,113.95,74.25,1654090,14753952768,22.941477,15.454447,3.803738,,0.15656,0.17478001,0.09137999,0.049,1.15,1.212,45.645,2.26
IEX,Industrials,Specialty Industrial Machinery,195.79,217.16,153.36,594540,14654771200,30.592186,21.794256,3.6265466,,0.13975,0.1234,0.06627,0.042,1.45,0.96,48.251,2.1
COO,Healthcare,Medical Instruments & Supplies,74.41,89.83,61.78,2487700,14518463488,37.0199,14.827997,1.7357532,,0.09668,0.04868,0.03639,0.062,,1.03,33.201,3.56
REG,Real Estate,REIT - Retail,78.16,79.9,63.44,1337670,14595970048,27.716314,30.879734,2.1336536,,0.32740003,0.07683,0.03153,0.089,3.86,0.926,69.389,4.65
CLX,Consumer Defensive,Household & Personal Products,115.87,150.84,96.66,2141690,14133866496,18.963993,16.999956,-112.05996,,0.111719996,9.87179,0.11305001,-0.008,4.28,0.568,9191.429,3.37
BBY,Consumer Cyclical,Specialty Retail,64.8,84.99,54.99,6522380,13614562304,12.857143,9.18758,4.58891,,0.02564,0.37041,0.07516,-0.01,5.93,1.444,139.44,5.3
DPZ,Consumer Cyclical,Restaurants,400.52,499.08,370.7,974190,13469044736,22.782707,18.606146,-3.5481927,,0.121800005,,0.34565,0.031,1.99,1.162,,2.54
HAS,Consumer Cyclical,Leisure,95.07,106.98,49.0,1484450,13374995456,,15.152311,24.783628,,-0.06858,-0.36355,0.111899994,0.313,2.95,0.526,600.584,1.61
AVY,Consumer Cyclical,Packaging & Containers,174.3,199.54,156.23,647870,13399824384,19.851936,15.294505,5.9763412,,0.07769,0.30212998,0.082159996,0.039,2.16,0.97,176.335,2.85
EG,Financial Services,Insurance - Reinsurance,327.5,370.21,302.44,377760,13227774976,8.666313,5.2719436,0.8621211,,0.0907,0.10847,0.02219,-0.029,2.44,0.326,24.481,2.21
HST,Real Estate,REIT - Hotel & Motel,19.25,21.0,12.22,9926370,13411266560,17.5,19.722149,2.0188777,,0.12476,0.11489,0.04067,0.128,4.16,1.154,83.779,2.84
GEN,Technology,Software - Infrastructure,21.78,32.22,21.33,5498200,13432077312,22.453608,7.5904107,5.6600833,,0.12757,0.26902,0.07169,0.258,2.3,1.095,363.379,3.19
TTD,Communication Services,Advertising Agencies,27.66,91.45,21.08,31298800,13165524992,30.733334,11.608874,5.2988505,,0.15306,0.16317,0.060060002,0.143,,1.19,17.563,3.31
BEN,Financial Services,Asset Management,25.22,28.32,16.25,5398770,13149472768,23.35185,8.626971,1.0806873,,0.06972,0.04464,0.023670001,0.034,5.23,1.461,24.587,3.41
MAS,Industrials,Building Products & Equipment,63.47,79.19,56.55,2417120,12922942464,16.443007,13.720604,-70.05519,,0.10711,71.5,0.15489,-0.019,2.02,1.246,4230.263,2.86
HRL,Consumer Defensive,Packaged Foods,23.34,32.07,21.03,4738760,12843633664,26.22472,14.753197,1.6176878,,0.0403,0.061160002,0.04428,0.013,5.01,0.312,35.929,3.9
ERIE,Financial Services,Insurance Brokers,243.99,442.48,242.365,232020,12758205440,22.845505,17.415417,5.587387,,0.13752,0.26194,0.14805001,0.029,2.4,0.411,2.712,10.86
ALLE,Industrials,Security & Protection Services,147.53,183.11,116.57,971850,12709044224,19.8293,15.559808,6.1411977,,0.15829,0.36084,0.11238,0.093,1.41,1.008,104.0,2.99
GNRC,Industrials,Specialty Industrial Machinery,210.71,241.09,99.5,956820,12365320192,78.04074,20.51646,4.6967435,,0.03791,0.06283,0.03384,-0.116,,1.769,52.479,2.38
JKHY,Technology,Information Technology Services,171.02,193.39,144.12,1071130,12377937920,24.501432,24.557726,5.602254,,0.20587,0.24284,0.13347,0.079,1.37,0.726,3.109,3.13
PNW,Utilities,Utilities - Regulated Electric,100.96,103.21,85.32,1707580,12206608384,19.992079,17.93652,1.7322971,,0.11545999,0.09059,0.02405,0.03,3.61,0.492,201.771,4.76
GDDY,Technology,Software - Infrastructure,90.21,193.55,73.06,3604610,12191123456,14.503216,6.8952074,56.522556,,0.17673,1.92901,0.087460004,0.068,,0.979,1795.723,2.26
DOC,Real Estate,REIT - Healthcare Facilities,17.4,20.81,15.71,6614270,12093764608,174.0,87.0,1.6124548,,0.02528,0.01164,0.01656,0.031,7.01,1.081,122.183,2.97
UDR,Real Estate,REIT - Residential,36.78,45.56,32.94,3181530,13847267328,32.54867,66.87273,3.7204127,,0.21597,0.09378,0.020869998,0.015,4.68,0.691,144.726,2.6
ALGN,Healthcare,Medical Instruments & Supplies,169.43,208.31,122.0,1241540,12156602368,30.04078,13.816323,2.9861295,,0.1017,0.103870004,0.06938,0.053,,1.823,2.826,1.85
FOX,Communication Services,Entertainment,53.08,68.175,43.18,1802940,24780607488,12.729017,10.708803,2.065611,,0.11407,0.16823,0.0881,0.02,1.06,0.537,67.389,6.78
BF.B,,,0.0,0.0,0.0,0,0,,,,,,,,,,,,
SOLV,Healthcare,Medical Instruments & Supplies,67.6,88.2,60.7,1397400,11728126976,7.6126122,9.537541,2.3228643,,0.18691,0.38861,0.02943,-0.037,,,103.941,2.93
FOXA,Communication Services,Entertainment,58.16,76.39,46.42,4253750,24741036032,13.947242,11.278357,2.2632992,,0.11407,0.16823,0.0881,0.02,0.96,0.537,67.389,7.33
SJM,Consumer Defensive,Packaged Foods,108.47,120.76,93.3,3648310,11573134336,,10.749321,2.2103355,,-0.14068,-0.20683001,0.04804,0.07,4.06,0.176,143.204,2.08
PSKY,Communication Services,Entertainment,10.33,20.86,9.95,24810580,11484284928,344.33334,10.9764,0.9929828,,-0.02149,-0.00863,0.026349999,0.021,1.94,1.259,117.11,6.96
SWK,Industrials,Tools & Accessories,74.13,93.37,53.91,1977850,11496040448,27.973583,11.676222,1.269284,,0.02656,0.04522,0.03405,-0.01,4.48,1.149,70.024,1.98
UHS,Healthcare,Medical Care Facilities,186.53,246.33,152.33,1045290,11394491392,8.078389,7.3322177,1.5655056,,0.08574,0.21326,0.08309,0.091,0.43,1.261,69.729,2.6
APA,Energy,Oil & Gas E&P,31.82,33.78,13.58,10191800,11240462336,7.9749374,12.377759,1.8433554,,0.16510999,0.2532,0.08963,-0.28,3.14,0.708,68.685,5.58
GL,Financial Services,Insurance - Life,142.91,152.71,109.38,514270,11376464896,10.149858,8.6428795,1.8918704,,0.19372,0.20589,0.033269998,0.036,0.92,0.455,51.258,2.65
IT,Technology,Information Technology Services,159.06,470.37,139.18,1660170,11464590336,16.482903,10.962359,35.229237,,0.11224,0.86861,0.088640004,0.022,,1.083,1046.535,3.42
AIZ,Financial Services,Insurance - Property & Casualty,219.7,246.31,174.97,369400,11002820608,12.969303,9.870892,1.8631276,,0.0681,0.15899,0.02149,0.079,1.53,0.547,38.845,1.68
CPT,Real Estate,REIT - Residential,103.61,124.32,97.17,900710,11023620096,29.268362,59.363792,2.526149,,0.24229,0.08598,0.0202,0.022,4.09,0.821,88.402,3.85
WYNN,Consumer Cyclical,Resorts & Casinos,102.73,134.72,65.25,2360220,10713022464,32.71656,17.169569,-38.218006,,0.04586,,0.054759998,0.015,0.97,1.034,,3.62
IVZ,Financial Services,Asset Management,23.97,29.61,11.6,5651810,10634860544,,7.9019194,1.0948704,,-0.04417,-0.01219,0.025969999,0.062,3.5,1.645,17.161,2.34
ZBRA,Technology,Communication Equipment,212.47,352.66,205.73,857000,10763781120,25.974327,10.525153,2.9367373,,0.077649996,0.116809994,0.06072,0.106,,1.679,75.167,2.61
BLDR,Industrials,Building Products & Equipment,93.68,151.03,89.41,2857810,10361483264,24.082262,12.199045,2.3802629,,0.02865,0.10064,0.04504,-0.121,,1.564,117.187,2.43
DVA,Healthcare,Medical Care Facilities,151.55,159.42,101.0,831910,10130966528,15.919117,9.331316,-15.955991,,0.05474,0.64848,0.0732,0.099,,0.931,1111.353,4.31
AES,Utilities,Utilities - Diversified,14.21,17.65,9.46,26042040,10125461504,10.847329,5.955699,2.4907975,,0.07439,0.01954,0.02544,0.047,4.95,0.941,259.393,1.71
RVTY,Healthcare,Diagnostics & Research,90.3,118.3,81.36,1171960,10237818880,43.834953,15.0470915,1.3984174,,0.08445,0.03216,0.02217,0.059,0.31,1.107,46.869,5.69
AOS,Industrials,Specialty Industrial Machinery,69.82,81.87,58.83,1383890,9655402496,18.135065,16.0723,5.206174,,0.1426,0.29197,0.14257,0.0,2.01,1.304,10.974,4.08
FRT,Real Estate,REIT - Retail,106.8,110.89,80.65,789220,9270800384,22.820515,32.969883,2.9826572,,0.32092997,0.12235,0.03267,0.075,4.2,1.011,143.64,2.79
NCLH,Consumer Cyclical,Travel Services,20.35,27.18,14.21,27630990,9270353920,22.119566,7.5611205,4.1924186,,0.043070003,0.23285,0.045890003,0.064,,2.044,703.028,1.53
BAX,Healthcare,Medical Instruments & Supplies,17.46,35.77,17.0,11709710,8982995968,,8.476633,1.4650108,,-0.085109994,-0.13713,0.028280001,0.08,2.06,0.553,160.275,3.49
MGM,Consumer Cyclical,Resorts & Casinos,35.0,40.16,25.3,5283480,9572724736,46.05263,14.487474,3.7206337,,0.01174,0.1489,0.019989999,0.06,,1.396,963.089,4.2
NWSA,Communication Services,Entertainment,24.03,31.61,22.2,3538140,13772082176,31.207794,19.342999,1.5240693,,0.13346,0.06329,0.03943,0.055,0.83,0.969,30.892,2.87
ARE,Real Estate,REIT - Office,51.05,101.22,44.1,2947320,8846983168,,-638.125,0.56276387,,-0.47384998,-0.05856,0.0109399995,-0.052,7.99,1.319,66.615,2.77
HSIC,Healthcare,Medical Distribution,76.29,89.29,60.56,1619730,8981225472,23.330276,12.903935,2.721824,,0.03019,0.08701,0.043270003,0.077,,0.852,71.736,3.78
CAG,Consumer Defensive,Packaged Foods,18.08,27.68,15.96,11090400,8648920064,,10.008248,1.0690001,,-0.008719999,-0.0116,0.04404,-0.068,7.74,-0.061,94.229,2.36
TAP,Consumer Defensive,Beverages - Brewers,45.87,63.5,42.94,3011030,9056017408,,9.074399,0.8554963,,-0.19205,-0.18172,0.0429,-0.027,4.19,0.449,61.772,5.32
BXP,Real Estate,REIT - Office,53.44,79.33,49.72,4494280,9461924864,30.712643,22.984945,1.646131,,0.087790005,0.04916,0.01672,-0.319,5.24,1.032,225.995,3.45
TECH,Healthcare,Biotechnology,52.82,72.16,46.01,2333010,8263863296,99.660385,24.358189,4.0942564,,0.06672,0.03966,0.06518,-0.004,0.61,1.475,17.449,4.18
MOS,Basic Materials,Agricultural Inputs,26.48,38.23,22.36,9536170,8407538688,15.576469,11.120257,0.6954877,,0.04486,0.048249997,0.02844,0.056,3.32,0.946,43.154,3.07
SWKS,Technology,Semiconductors,54.93,90.9,47.93,3361180,8260022784,21.045979,10.970268,1.4297986,,0.097270004,0.06485,0.03714,-0.031,5.17,1.297,20.714,4.56
CRL,Healthcare,Diagnostics & Research,167.37,228.88,91.86,1022820,8239256576,,13.609164,2.6029546,,-0.03595,-0.04232,0.04243,-0.008,,1.652,81.947,2.88
POOL,Industrials,Industrial Distribution,208.88,345.0,204.16,783420,7780672512,19.269373,17.558697,6.4463167,,0.07683,0.33058998,0.10374,-0.005,2.39,1.247,129.513,5.18
FDS,Financial Services,Financial Data & Stock Exchanges,212.01,474.79,185.0,962890,7933400576,13.495226,11.180175,3.6422827,,0.25399,0.28831,0.114209995,0.068,2.08,0.751,71.961,2.74
EPAM,Technology,Information Technology Services,142.18,222.53,125.57,1389160,7854395392,21.126299,10.220085,2.0985048,,0.06921,0.10335,0.07546,0.128,,1.768,3.907,3.1
CPB,Consumer Defensive,Packaged Foods,24.68,40.59,24.64,8908990,7357953024,12.721649,9.63991,1.8585737,,0.056900002,0.14815,0.05685,-0.034,6.32,-0.064,184.567,5.01
MOH,Healthcare,Healthcare Plans,141.32,359.97,121.06,1347720,7277980160,15.84305,13.806295,1.7712827,,0.010829999,0.11022,0.03142,0.071,,0.5,99.435,1.51
MTCH,Communication Services,Internet Content & Information,30.84,39.2,26.39,4182370,7280404992,12.957983,7.6519027,-28.293577,,0.17591,,0.13261,0.021,2.5,1.341,,2.61
PAYC,Technology,Software - Application,131.91,267.76,104.9,2393720,7242666496,16.305315,11.563263,4.075825,,0.22099,0.27417,0.05268,0.102,1.14,0.812,5.215,1.74
LW,Consumer Defensive,Packaged Foods,44.48,67.07,39.79,2235830,6198398464,16.115942,14.754859,3.5209372,,0.060599998,0.23164,0.06905,0.011,3.42,0.428,224.846,2.99
NWS,Communication Services,Entertainment,27.22,35.58,25.49,1416550,15041527808,35.35065,21.910793,1.7263905,,0.13346,0.06329,0.03943,0.055,0.73,0.969,30.892,5.42
